,agent1_strategy,agent1_reward,agent2_strategy,agent2_reward,temptation,reward,punishment,sucker,agent1_final_strategy,agent1_defection_ratio,agent2_final_strategy,agent2_defection_ratio,agent1_updating_times,agent2_updating_times,model,game
0,3000.0,3000.0,3000.0,3000.0,0.04,1.5,0.0,-0.96,0.0,0.0373333320021629,0.0,0.0379999987781047,2936.0,2936.0,normal,SH
1,3000.0,3000.0,3000.0,3000.0,0.63,3.8,0.0,-0.3700000000000001,0.0,0.032999999821186,0.0,0.0306666661053895,2936.0,2936.0,normal,SH
2,13000.0,14000.0,3000.0,14000.0,0.32,2.93,0.0,-0.6799999999999997,0.0,0.0121428575366735,0.0,0.0124285714700818,13936.0,13936.0,normal,SH
3,11000.0,13000.0,3000.0,13000.0,0.51,2.39,0.0,-0.4899999999999997,0.0,0.049076922237873,0.0,0.0493076927959919,12936.0,12936.0,normal,SH
4,3000.0,3000.0,3000.0,3000.0,0.9,1.0,0.0,-0.48,1.0,0.9456666707992554,1.0,0.9523333311080932,2936.0,2936.0,normal,SH
5,3000.0,2000.0,3000.0,2000.0,0.25,1.0,0.0,-1.13,0.0,0.1153333336114883,0.0,0.1196666657924652,2936.0,2936.0,normal,SH
6,3000.0,9000.0,3000.0,8000.0,0.41,1.0,0.0,-1.36,0.0,0.0211111102253198,0.0,0.0196666661649942,8936.0,7936.0,normal,SH
7,3000.0,3000.0,3000.0,3000.0,0.75,3.46,0.0,-0.25,0.0,0.0406666658818721,0.0,0.0396666675806045,2936.0,2936.0,normal,SH
8,3000.0,3000.0,3000.0,3000.0,0.23,2.4,0.0,-0.77,1.0,0.9490000009536744,1.0,0.9580000042915344,2936.0,2936.0,normal,SH
9,3000.0,2000.0,4000.0,1000.0,0.09,2.83,0.0,-0.91,1.0,0.968500018119812,1.0,0.968999981880188,2936.0,3936.0,normal,SH
10,3000.0,1000.0,3000.0,4000.0,0.29,1.0,0.0,-1.63,1.0,0.9697499871253968,1.0,0.9682499766349792,2936.0,3936.0,normal,SH
11,3000.0,5000.0,3000.0,5000.0,0.17,3.88,0.0,-0.8300000000000001,0.0,0.0255999993532896,0.0,0.0252000000327825,4936.0,4936.0,normal,SH
12,3000.0,4000.0,4000.0,4000.0,0.92,3.33,0.0,-0.08,0.0,0.0350000001490116,0.0,0.0289999991655349,3936.0,3936.0,normal,SH
13,4000.0,5000.0,4000.0,5000.0,0.8,1.0,0.0,-0.35,0.0,0.238999992609024,0.0,0.2373999953269958,4936.0,4936.0,normal,SH
14,3000.0,3000.0,3000.0,3000.0,0.63,1.0,0.0,-0.64,0.0,0.1926666647195816,0.0,0.1996666640043258,2936.0,2936.0,normal,SH
15,4000.0,3000.0,3000.0,5000.0,0.86,1.0,0.0,-0.41,1.0,0.9688000082969666,1.0,0.9729999899864196,3936.0,4936.0,normal,SH
16,3000.0,2000.0,3000.0,2000.0,0.8,1.22,0.0,-0.1999999999999999,0.0,0.0353333316743373,0.0,0.0403333343565464,2936.0,2936.0,normal,SH
17,10000.0,10000.0,3000.0,10000.0,0.19,2.1,0.0,-0.81,0.0,0.0780000016093254,0.0,0.0759000033140182,9936.0,9936.0,normal,SH
18,3000.0,3000.0,3000.0,5000.0,0.88,1.73,0.0,-0.1200000000000001,0.0,0.0289999991655349,0.0,0.025399999693036,2936.0,4936.0,normal,SH
19,3000.0,3000.0,3000.0,3000.0,0.54,1.16,0.0,-0.4599999999999998,1.0,0.9496666789054872,1.0,0.962000012397766,2936.0,2936.0,normal,SH
20,6000.0,6000.0,3000.0,6000.0,0.8,2.45,0.0,-0.2000000000000001,0.0,0.0246666669845581,0.0,0.0263333339244127,5936.0,5936.0,normal,SH
21,3000.0,3000.0,3000.0,3000.0,0.89,1.0,0.0,-0.55,1.0,0.9473333358764648,1.0,0.956333339214325,2936.0,2936.0,normal,SH
22,3000.0,4000.0,3000.0,3000.0,0.32,1.17,0.0,-0.6799999999999999,0.0,0.0405000001192092,0.0,0.0397499985992908,3936.0,2936.0,normal,SH
23,11000.0,15000.0,3000.0,15000.0,0.12,1.47,0.0,-0.88,0.0,0.023199999704957,0.0,0.0236000008881092,14936.0,14936.0,normal,SH
24,3000.0,1000.0,3000.0,1000.0,0.23,1.82,0.0,-0.7699999999999998,1.0,0.9696666598320008,1.0,0.9583333134651184,2936.0,2936.0,normal,SH
25,3000.0,4000.0,3000.0,4000.0,0.43,3.14,0.0,-0.5699999999999998,0.0,0.0324999988079071,0.0,0.0277500003576278,3936.0,3936.0,normal,SH
26,3000.0,3000.0,4000.0,3000.0,0.81,1.0,0.0,-0.3899999999999999,1.0,0.968500018119812,1.0,0.962499976158142,2936.0,3936.0,normal,SH
27,3000.0,11000.0,3000.0,9000.0,0.85,2.06,0.0,-0.1499999999999999,0.0,0.0142727270722389,0.0,0.0142727270722389,10936.0,8936.0,normal,SH
28,3000.0,16000.0,3000.0,16000.0,0.02,2.37,0.0,-0.98,0.0,0.0151249999180436,0.0,0.0148125002160668,15936.0,15936.0,normal,SH
29,3000.0,6000.0,3000.0,3000.0,0.51,1.0,0.0,-1.3,1.0,0.97816663980484,1.0,0.977666676044464,5936.0,2936.0,normal,SH
30,3000.0,6000.0,3000.0,6000.0,0.42,2.43,0.0,-0.5799999999999998,0.0,0.0231666658073663,0.0,0.020833333954215,5936.0,5936.0,normal,SH
31,4000.0,4000.0,3000.0,1000.0,0.23,1.0,0.0,-1.09,1.0,0.9552500247955322,1.0,0.9725000262260436,3936.0,2936.0,normal,SH
32,3000.0,1000.0,3000.0,2000.0,0.13,1.0,0.0,-1.61,1.0,0.9679999947547911,1.0,0.9613333344459534,2936.0,2936.0,normal,SH
33,3000.0,7000.0,3000.0,8000.0,0.34,3.8,0.0,-0.6600000000000001,0.0,0.0216249991208314,0.0,0.0167500004172325,6936.0,7936.0,normal,SH
34,3000.0,8000.0,3000.0,8000.0,0.93,3.86,0.0,-0.0699999999999998,0.0,0.0198749992996454,0.0,0.0182499997317791,7936.0,7936.0,normal,SH
35,3000.0,1000.0,4000.0,1000.0,0.33,3.23,0.0,-0.6699999999999999,1.0,0.9682499766349792,1.0,0.9697499871253968,2936.0,3936.0,normal,SH
36,3000.0,3000.0,3000.0,3000.0,0.52,1.22,0.0,-0.48,0.0,0.1850000023841858,0.0,0.1840000003576278,2936.0,2936.0,normal,SH
37,3000.0,1000.0,3000.0,1000.0,0.7,1.0,0.0,-0.91,1.0,0.9589999914169312,1.0,0.953000009059906,2936.0,2936.0,normal,SH
38,3000.0,3000.0,3000.0,3000.0,0.37,2.74,0.0,-0.6300000000000003,0.0,0.0410000011324882,0.0,0.0419999994337558,2936.0,2936.0,normal,SH
39,3000.0,5000.0,3000.0,5000.0,0.96,1.76,0.0,-0.04,0.0,0.0216000005602836,0.0,0.0230000000447034,4936.0,4936.0,normal,SH
40,3000.0,4000.0,5000.0,5000.0,0.95,1.0,0.0,-0.56,1.0,0.9656000137329102,1.0,0.958400011062622,3936.0,4936.0,normal,SH
41,3000.0,4000.0,3000.0,4000.0,0.26,1.98,0.0,-0.74,0.0,0.026750000193715,0.0,0.032999999821186,3936.0,3936.0,normal,SH
42,3000.0,3000.0,3000.0,1000.0,0.5,1.0,0.0,-1.36,1.0,0.9683333039283752,1.0,0.965666651725769,2936.0,2936.0,normal,SH
43,3000.0,9000.0,6000.0,8000.0,0.3,3.64,0.0,-0.7000000000000002,0.0,0.0525555573403835,0.0,0.0563333332538604,8936.0,7936.0,normal,SH
44,3000.0,1000.0,3000.0,3000.0,0.29,1.04,0.0,-0.7100000000000001,1.0,0.9639999866485596,1.0,0.9603333473205566,2936.0,2936.0,normal,SH
45,3000.0,3000.0,3000.0,4000.0,0.05,2.65,0.0,-0.95,0.0,0.0280000008642673,0.0,0.0292499996721744,2936.0,3936.0,normal,SH
46,3000.0,2000.0,3000.0,4000.0,0.61,1.25,0.0,-0.39,0.0,0.032999999821186,0.0,0.0317500010132789,2936.0,3936.0,normal,SH
47,3000.0,2000.0,3000.0,2000.0,0.5,2.08,0.0,-0.5,0.0,0.0503333322703838,0.0,0.0439999997615814,2936.0,2936.0,normal,SH
48,3000.0,3000.0,3000.0,3000.0,0.06,2.19,0.0,-0.94,0.0,0.0513333342969417,0.0,0.0503333322703838,2936.0,2936.0,normal,SH
49,3000.0,1000.0,4000.0,3000.0,0.28,1.0,0.0,-0.98,1.0,0.9697499871253968,1.0,0.9667500257492064,2936.0,3936.0,normal,SH
50,3000.0,6000.0,3000.0,6000.0,0.9,3.88,0.0,-0.1,0.0,0.025000000372529,0.0,0.0193333327770233,5936.0,5936.0,normal,SH
51,3000.0,7000.0,3000.0,7000.0,0.24,3.1,0.0,-0.7600000000000002,0.0,0.022857142612338,0.0,0.0204285718500614,6936.0,6936.0,normal,SH
52,3000.0,4000.0,3000.0,4000.0,0.15,3.76,0.0,-0.8500000000000001,0.0,0.0264999996870756,0.0,0.0299999993294477,3936.0,3936.0,normal,SH
53,3000.0,4000.0,3000.0,4000.0,0.49,3.58,0.0,-0.5099999999999998,0.0,0.0274999998509883,0.0,0.0309999994933605,3936.0,3936.0,normal,SH
54,3000.0,2000.0,3000.0,3000.0,0.98,2.39,0.0,-0.0199999999999995,0.0,0.0403333343565464,0.0,0.0419999994337558,2936.0,2936.0,normal,SH
55,3000.0,4000.0,3000.0,4000.0,0.25,3.69,0.0,-0.75,0.0,0.0282499995082616,0.0,0.0289999991655349,3936.0,3936.0,normal,SH
56,3000.0,1000.0,3000.0,1000.0,0.67,1.0,0.0,-0.98,1.0,0.9589999914169312,1.0,0.9666666388511658,2936.0,2936.0,normal,SH
57,3000.0,4000.0,3000.0,4000.0,0.76,1.0,0.0,-0.4599999999999999,1.0,0.9652500152587892,1.0,0.9649999737739564,3936.0,3936.0,normal,SH
58,3000.0,1000.0,3000.0,3000.0,0.24,1.0,0.0,-1.58,1.0,0.9663333296775818,1.0,0.9613333344459534,2936.0,2936.0,normal,SH
59,3000.0,2000.0,3000.0,2000.0,0.72,1.3,0.0,-0.28,0.0,0.0356666669249534,0.0,0.036666665226221,2936.0,2936.0,normal,SH
60,3000.0,7000.0,3000.0,7000.0,0.37,1.55,0.0,-0.63,0.0,0.0201428569853305,0.0,0.0184285715222358,6936.0,6936.0,normal,SH
61,3000.0,2000.0,3000.0,4000.0,0.63,1.09,0.0,-0.3700000000000001,0.0,0.0289999991655349,0.0,0.0320000015199184,2936.0,3936.0,normal,SH
62,3000.0,6000.0,3000.0,4000.0,0.63,3.31,0.0,-0.3700000000000001,0.0,0.0240000002086162,0.0,0.0219999998807907,5936.0,3936.0,normal,SH
63,3000.0,2000.0,3000.0,2000.0,0.54,1.43,0.0,-0.4599999999999999,0.0,0.0430000014603138,0.0,0.0373333320021629,2936.0,2936.0,normal,SH
64,5000.0,8000.0,3000.0,7000.0,0.1,1.12,0.0,-0.9000000000000001,0.0,0.0403750017285347,0.0,0.0359999984502792,7936.0,6936.0,normal,SH
65,3000.0,2000.0,3000.0,4000.0,0.83,2.17,0.0,-0.1699999999999999,0.0,0.0252500008791685,0.0,0.0317500010132789,2936.0,3936.0,normal,SH
66,7000.0,9000.0,3000.0,5000.0,0.32,1.0,0.0,-1.12,0.0,0.0240000002086162,0.0,0.0277777779847383,8936.0,4936.0,normal,SH
67,3000.0,16000.0,11000.0,16000.0,0.19,3.21,0.0,-0.81,0.0,0.0148750003427267,0.0,0.0148125002160668,15936.0,15936.0,normal,SH
68,3000.0,5000.0,3000.0,5000.0,0.05,1.0,0.0,-1.65,1.0,0.9710000157356262,1.0,0.9718000292778016,4936.0,4936.0,normal,SH
69,4000.0,3000.0,3000.0,1000.0,0.59,3.95,0.0,-0.4100000000000001,1.0,0.9522500038146972,1.0,0.9545000195503236,3936.0,2936.0,normal,SH
70,3000.0,3000.0,3000.0,4000.0,0.67,3.09,0.0,-0.33,0.0,0.032999999821186,0.0,0.026750000193715,2936.0,3936.0,normal,SH
71,3000.0,1000.0,4000.0,1000.0,0.03,1.0,0.0,-1.18,1.0,0.968999981880188,1.0,0.95974999666214,2936.0,3936.0,normal,SH
72,3000.0,3000.0,3000.0,3000.0,0.51,1.0,0.0,-1.47,1.0,0.9570000171661376,1.0,0.9566666483879088,2936.0,2936.0,normal,SH
73,3000.0,4000.0,3000.0,4000.0,0.23,3.26,0.0,-0.77,0.0,0.0447500012814998,0.0,0.0492499992251396,3936.0,3936.0,normal,SH
74,3000.0,14000.0,3000.0,14000.0,0.64,2.83,0.0,-0.3599999999999999,0.0,0.0127857141196727,0.0,0.0142142856493592,13936.0,13936.0,normal,SH
75,3000.0,3000.0,3000.0,3000.0,0.18,2.92,0.0,-0.8199999999999998,0.0,0.0549999997019767,0.0,0.0566666685044765,2936.0,2936.0,normal,SH
76,3000.0,9000.0,9000.0,9000.0,0.69,3.09,0.0,-0.31,0.0,0.0324444435536861,0.0,0.0342222228646278,8936.0,8936.0,normal,SH
77,3000.0,6000.0,3000.0,6000.0,0.39,1.0,0.0,-1.31,1.0,0.9768333435058594,1.0,0.9815000295639038,5936.0,5936.0,normal,SH
78,3000.0,7000.0,3000.0,5000.0,0.93,1.43,0.0,-0.0699999999999998,0.0,0.0217142850160598,0.0,0.019571429118514,6936.0,4936.0,normal,SH
79,3000.0,7000.0,3000.0,9000.0,0.14,1.0,0.0,-1.4,1.0,0.983888864517212,1.0,0.9845555424690248,6936.0,8936.0,normal,SH
80,3000.0,9000.0,4000.0,8000.0,0.34,3.45,0.0,-0.6600000000000001,0.0,0.0156666673719882,0.0,0.016222221776843,8936.0,7936.0,normal,SH
81,6000.0,5000.0,3000.0,5000.0,0.12,2.49,0.0,-0.8800000000000003,0.0,0.0185000002384185,0.0,0.0234999991953372,5936.0,4936.0,normal,SH
82,3000.0,2000.0,3000.0,3000.0,0.92,1.32,0.0,-0.08,0.0,0.0299999993294477,0.0,0.0423333346843719,2936.0,2936.0,normal,SH
83,3000.0,3000.0,3000.0,3000.0,0.87,1.0,0.0,-0.88,1.0,0.9649999737739564,1.0,0.9616666436195374,2936.0,2936.0,normal,SH
84,4000.0,5000.0,4000.0,5000.0,0.26,1.24,0.0,-0.74,0.0,0.1925999969244003,0.0,0.1835999935865402,4936.0,4936.0,normal,SH
85,3000.0,4000.0,3000.0,6000.0,0.66,1.3,0.0,-0.3400000000000001,0.0,0.0238333325833082,0.0,0.0233333334326744,3936.0,5936.0,normal,SH
86,3000.0,3000.0,3000.0,3000.0,0.81,2.92,0.0,-0.1899999999999999,0.0,0.0336666665971279,0.0,0.0390000008046627,2936.0,2936.0,normal,SH
87,3000.0,5000.0,3000.0,5000.0,0.55,2.55,0.0,-0.4499999999999997,0.0,0.0287999995052814,0.0,0.0289999991655349,4936.0,4936.0,normal,SH
88,3000.0,10000.0,3000.0,10000.0,0.53,3.55,0.0,-0.4699999999999997,0.0,0.0159000009298324,0.0,0.0142000000923872,9936.0,9936.0,normal,SH
89,3000.0,9000.0,5000.0,9000.0,0.25,1.89,0.0,-0.75,0.0,0.0219999998807907,0.0,0.0233333334326744,8936.0,8936.0,normal,SH
90,5000.0,7000.0,3000.0,1000.0,0.1,1.0,0.0,-1.42,1.0,0.977571427822113,1.0,0.9782857298851012,6936.0,2936.0,normal,SH
91,3000.0,8000.0,3000.0,8000.0,0.89,2.85,0.0,-0.1099999999999998,0.0,0.0188749991357326,0.0,0.0186250004917383,7936.0,7936.0,normal,SH
92,3000.0,3000.0,3000.0,3000.0,0.89,3.04,0.0,-0.1099999999999998,0.0,0.0430000014603138,0.0,0.0426666662096977,2936.0,2936.0,normal,SH
93,3000.0,3000.0,3000.0,3000.0,0.63,2.25,0.0,-0.3700000000000001,0.0,0.0416666679084301,0.0,0.0476666651666164,2936.0,2936.0,normal,SH
94,3000.0,3000.0,3000.0,2000.0,0.34,3.08,0.0,-0.6600000000000001,0.0,0.0406666658818721,0.0,0.0373333320021629,2936.0,2936.0,normal,SH
95,3000.0,2000.0,3000.0,3000.0,0.35,1.98,0.0,-0.6499999999999999,0.0,0.0453333333134651,0.0,0.0439999997615814,2936.0,2936.0,normal,SH
96,3000.0,7000.0,3000.0,6000.0,0.72,2.09,0.0,-0.2799999999999998,0.0,0.0219999998807907,0.0,0.0184285715222358,6936.0,5936.0,normal,SH
97,3000.0,8000.0,8000.0,8000.0,0.89,1.71,0.0,-0.1099999999999998,0.0,0.0170000009238719,0.0,0.0215000007301569,7936.0,7936.0,normal,SH
98,5000.0,5000.0,3000.0,6000.0,0.88,1.0,0.0,-1.02,0.0,0.0691666677594184,0.0,0.0701666697859764,4936.0,5936.0,normal,SH
99,3000.0,1000.0,3000.0,1000.0,0.77,1.0,0.0,-0.7999999999999999,1.0,0.95933336019516,1.0,0.9603333473205566,2936.0,2936.0,normal,SH
100,3000.0,1000.0,3000.0,1000.0,0.04,1.5,0.0,-0.96,1.0,0.9760000109672546,1.0,0.9683333039283752,750.0,750.0,alternative,SH
101,3000.0,4000.0,3000.0,3000.0,0.63,3.8,0.0,-0.3700000000000001,0.0,0.0257500000298023,0.0,0.0447500012814998,1000.0,750.0,alternative,SH
102,3000.0,4000.0,3000.0,4000.0,0.32,2.93,0.0,-0.6799999999999997,0.0,0.0209999997168779,0.0,0.0270000007003545,1000.0,1000.0,alternative,SH
103,3000.0,5000.0,3000.0,5000.0,0.51,2.39,0.0,-0.4899999999999997,0.0,0.0153999999165534,0.0,0.019200000911951,1250.0,1250.0,alternative,SH
104,3000.0,6000.0,3000.0,6000.0,0.9,1.0,0.0,-0.48,0.0,0.0154999997466802,0.0,0.0141666671261191,1500.0,1500.0,alternative,SH
105,3000.0,10000.0,3000.0,10000.0,0.25,1.0,0.0,-1.13,0.0,0.0124000003561377,0.0,0.0122999995946884,2500.0,2500.0,alternative,SH
106,3000.0,1000.0,3000.0,1000.0,0.41,1.0,0.0,-1.36,1.0,0.9679999947547911,1.0,0.971666693687439,750.0,750.0,alternative,SH
107,3000.0,3000.0,3000.0,3000.0,0.75,3.46,0.0,-0.25,0.0,0.0223333332687616,0.0,0.0576666668057441,750.0,750.0,alternative,SH
108,3000.0,5000.0,3000.0,5000.0,0.23,2.4,0.0,-0.77,0.0,0.0194000005722045,0.0,0.0182000007480382,1250.0,1250.0,alternative,SH
109,3000.0,5000.0,3000.0,5000.0,0.09,2.83,0.0,-0.91,0.0,0.0148000000044703,0.0,0.0201999992132186,1250.0,1250.0,alternative,SH
110,3000.0,7000.0,3000.0,7000.0,0.29,1.0,0.0,-1.63,0.0,0.017428571358323,0.0,0.0118571426719427,1750.0,1750.0,alternative,SH
111,8000.0,8000.0,3000.0,8000.0,0.17,3.88,0.0,-0.8300000000000001,0.0,0.0135000003501772,0.0,0.0136249996721744,2000.0,2000.0,alternative,SH
112,3000.0,4000.0,3000.0,4000.0,0.92,3.33,0.0,-0.08,0.0,0.0282499995082616,0.0,0.02449999935925,1000.0,1000.0,alternative,SH
113,3000.0,1000.0,3000.0,1000.0,0.8,1.0,0.0,-0.35,1.0,0.9616666436195374,1.0,0.9459999799728394,750.0,750.0,alternative,SH
114,5000.0,1000.0,3000.0,1000.0,0.63,1.0,0.0,-0.64,1.0,0.9801999926567078,1.0,0.967199981212616,1250.0,750.0,alternative,SH
115,3000.0,1000.0,4000.0,1000.0,0.86,1.0,0.0,-0.41,1.0,0.9807500243186952,1.0,0.953249990940094,750.0,1000.0,alternative,SH
116,3000.0,5000.0,3000.0,6000.0,0.8,1.22,0.0,-0.1999999999999999,0.0,0.0359999984502792,0.0,0.0303333327174186,1250.0,1500.0,alternative,SH
117,3000.0,1000.0,3000.0,1000.0,0.19,2.1,0.0,-0.81,1.0,0.9273333549499512,1.0,0.9616666436195374,750.0,750.0,alternative,SH
118,5000.0,1000.0,3000.0,1000.0,0.88,1.73,0.0,-0.1200000000000001,1.0,0.9667999744415284,1.0,0.9801999926567078,1250.0,750.0,alternative,SH
119,3000.0,1000.0,3000.0,1000.0,0.54,1.16,0.0,-0.4599999999999998,1.0,0.968999981880188,1.0,0.9683333039283752,750.0,750.0,alternative,SH
120,3000.0,7000.0,6000.0,7000.0,0.8,2.45,0.0,-0.2000000000000001,0.0,0.0108571425080299,0.0,0.0179999992251396,1750.0,1750.0,alternative,SH
121,3000.0,1000.0,4000.0,1000.0,0.89,1.0,0.0,-0.55,1.0,0.9710000157356262,1.0,0.9580000042915344,750.0,1000.0,alternative,SH
122,3000.0,6000.0,3000.0,6000.0,0.32,1.17,0.0,-0.6799999999999999,0.0,0.0131666669622063,0.0,0.0171666666865348,1500.0,1500.0,alternative,SH
123,3000.0,1000.0,6000.0,4000.0,0.12,1.47,0.0,-0.88,1.0,0.9854999780654908,1.0,0.981333315372467,750.0,1500.0,alternative,SH
124,3000.0,4000.0,3000.0,4000.0,0.23,1.82,0.0,-0.7699999999999998,0.0,0.025000000372529,0.0,0.0257500000298023,1000.0,1000.0,alternative,SH
125,3000.0,17000.0,3000.0,17000.0,0.43,3.14,0.0,-0.5699999999999998,0.0,0.0097058825194835,0.0,0.0089411763474345,4250.0,4250.0,alternative,SH
126,3000.0,4000.0,3000.0,3000.0,0.81,1.0,0.0,-0.3899999999999999,1.0,0.9815000295639038,1.0,0.9570000171661376,1000.0,750.0,alternative,SH
127,3000.0,1000.0,3000.0,3000.0,0.85,2.06,0.0,-0.1499999999999999,1.0,0.9679999947547911,1.0,0.9653333425521852,750.0,750.0,alternative,SH
128,3000.0,6000.0,3000.0,6000.0,0.02,2.37,0.0,-0.98,0.0,0.0158333331346511,0.0,0.0216666664928197,1500.0,1500.0,alternative,SH
129,3000.0,6000.0,3000.0,5000.0,0.51,1.0,0.0,-1.3,1.0,0.984499990940094,1.0,0.9733333587646484,1500.0,1250.0,alternative,SH
130,3000.0,4000.0,3000.0,1000.0,0.42,2.43,0.0,-0.5799999999999998,1.0,0.975000023841858,1.0,0.9729999899864196,1000.0,750.0,alternative,SH
131,3000.0,5000.0,3000.0,3000.0,0.23,1.0,0.0,-1.09,0.0,0.0153999999165534,0.0,0.0189999993890523,1250.0,750.0,alternative,SH
132,3000.0,1000.0,3000.0,2000.0,0.13,1.0,0.0,-1.61,1.0,0.9746666550636292,1.0,0.9676666855812072,750.0,750.0,alternative,SH
133,3000.0,1000.0,3000.0,1000.0,0.34,3.8,0.0,-0.6600000000000001,1.0,0.9806666374206544,1.0,0.9446666836738586,750.0,750.0,alternative,SH
134,3000.0,4000.0,3000.0,4000.0,0.93,3.86,0.0,-0.0699999999999998,0.0,0.0215000007301569,0.0,0.0497500002384185,1000.0,1000.0,alternative,SH
135,27000.0,28000.0,10000.0,28000.0,0.33,3.23,0.0,-0.6699999999999999,0.0,0.0089642852544784,0.0,0.0082857143133878,7000.0,7000.0,alternative,SH
136,3000.0,1000.0,3000.0,1000.0,0.52,1.22,0.0,-0.48,1.0,0.9606666564941406,1.0,0.9663333296775818,750.0,750.0,alternative,SH
137,3000.0,1000.0,3000.0,1000.0,0.7,1.0,0.0,-0.91,1.0,0.975333333015442,1.0,0.9493333101272584,750.0,750.0,alternative,SH
138,3000.0,12000.0,7000.0,12000.0,0.37,2.74,0.0,-0.6300000000000003,0.0,0.0109999999403953,0.0,0.0106666665524244,3000.0,3000.0,alternative,SH
139,11000.0,9000.0,10000.0,8000.0,0.96,1.76,0.0,-0.04,1.0,0.9752727150917052,1.0,0.9861817955970764,2750.0,2500.0,alternative,SH
140,3000.0,1000.0,3000.0,1000.0,0.95,1.0,0.0,-0.56,1.0,0.9683333039283752,1.0,0.9710000157356262,750.0,750.0,alternative,SH
141,3000.0,4000.0,4000.0,4000.0,0.26,1.98,0.0,-0.74,0.0,0.0232500005513429,0.0,0.0274999998509883,1000.0,1000.0,alternative,SH
142,3000.0,4000.0,3000.0,4000.0,0.5,1.0,0.0,-1.36,1.0,0.975499987602234,1.0,0.9735000133514404,1000.0,1000.0,alternative,SH
143,3000.0,1000.0,4000.0,1000.0,0.3,3.64,0.0,-0.7000000000000002,1.0,0.944000005722046,1.0,0.9707499742507936,750.0,1000.0,alternative,SH
144,3000.0,5000.0,6000.0,6000.0,0.29,1.04,0.0,-0.7100000000000001,0.0,0.0209999997168779,0.0,0.0191666670143604,1250.0,1500.0,alternative,SH
145,3000.0,5000.0,3000.0,5000.0,0.05,2.65,0.0,-0.95,0.0,0.0179999992251396,0.0,0.0179999992251396,1250.0,1250.0,alternative,SH
146,3000.0,2000.0,3000.0,2000.0,0.61,1.25,0.0,-0.39,0.0,0.0326666682958602,0.0,0.0293333325535058,750.0,750.0,alternative,SH
147,3000.0,1000.0,3000.0,1000.0,0.5,2.08,0.0,-0.5,1.0,0.9506666660308838,1.0,0.9626666903495787,750.0,750.0,alternative,SH
148,3000.0,3000.0,3000.0,3000.0,0.06,2.19,0.0,-0.94,0.0,0.0783333331346511,0.0,0.0943333357572555,750.0,750.0,alternative,SH
149,3000.0,4000.0,3000.0,3000.0,0.28,1.0,0.0,-0.98,0.0,0.0264999996870756,0.0,0.0252500008791685,1000.0,750.0,alternative,SH
150,3000.0,4000.0,3000.0,4000.0,0.9,3.88,0.0,-0.1,0.0,0.025000000372529,0.0,0.0219999998807907,1000.0,1000.0,alternative,SH
151,3000.0,2000.0,3000.0,2000.0,0.24,3.1,0.0,-0.7600000000000002,0.0,0.0266666673123836,0.0,0.0303333327174186,750.0,750.0,alternative,SH
152,7000.0,9000.0,3000.0,9000.0,0.15,3.76,0.0,-0.8500000000000001,0.0,0.014555555768311,0.0,0.0107777779921889,2250.0,2250.0,alternative,SH
153,3000.0,13000.0,10000.0,13000.0,0.49,3.58,0.0,-0.5099999999999998,0.0,0.0125384619459509,0.0,0.018538461998105,3250.0,3250.0,alternative,SH
154,3000.0,4000.0,3000.0,4000.0,0.98,2.39,0.0,-0.0199999999999995,0.0,0.0234999991953372,0.0,0.0462500005960464,1000.0,1000.0,alternative,SH
155,4000.0,1000.0,3000.0,1000.0,0.25,3.69,0.0,-0.75,1.0,0.977500021457672,1.0,0.9729999899864196,1000.0,750.0,alternative,SH
156,3000.0,1000.0,3000.0,1000.0,0.67,1.0,0.0,-0.98,1.0,0.977999985218048,1.0,0.9733333587646484,750.0,750.0,alternative,SH
157,3000.0,2000.0,3000.0,2000.0,0.76,1.0,0.0,-0.4599999999999999,0.0,0.0213333331048488,0.0,0.0326666682958602,750.0,750.0,alternative,SH
158,3000.0,1000.0,3000.0,4000.0,0.24,1.0,0.0,-1.58,1.0,0.9762499928474426,1.0,0.975250005722046,750.0,1000.0,alternative,SH
159,3000.0,2000.0,3000.0,2000.0,0.72,1.3,0.0,-0.28,0.0,0.0296666659414768,0.0,0.0576666668057441,750.0,750.0,alternative,SH
160,3000.0,1000.0,3000.0,1000.0,0.37,1.55,0.0,-0.63,1.0,0.9693333506584167,1.0,0.9746666550636292,750.0,750.0,alternative,SH
161,3000.0,4000.0,3000.0,6000.0,0.63,1.09,0.0,-0.3700000000000001,0.0,0.0148333329707384,0.0,0.0186666660010814,1000.0,1500.0,alternative,SH
162,3000.0,6000.0,3000.0,6000.0,0.63,3.31,0.0,-0.3700000000000001,0.0,0.0263333339244127,0.0,0.0333333350718021,1500.0,1500.0,alternative,SH
163,3000.0,4000.0,3000.0,3000.0,0.54,1.43,0.0,-0.4599999999999999,0.0,0.0197500009089708,0.0,0.0237499997019767,1000.0,750.0,alternative,SH
164,3000.0,3000.0,3000.0,1000.0,0.1,1.12,0.0,-0.9000000000000001,1.0,0.9769999980926514,1.0,0.9723333120346068,750.0,750.0,alternative,SH
165,22000.0,22000.0,3000.0,23000.0,0.83,2.17,0.0,-0.1699999999999999,0.0,0.0087826084345579,0.0,0.0084347827360033,5500.0,5750.0,alternative,SH
166,3000.0,1000.0,3000.0,1000.0,0.32,1.0,0.0,-1.12,1.0,0.9729999899864196,1.0,0.9726666808128356,750.0,750.0,alternative,SH
167,3000.0,6000.0,3000.0,6000.0,0.19,3.21,0.0,-0.81,0.0,0.0170000009238719,0.0,0.0191666670143604,1500.0,1500.0,alternative,SH
168,3000.0,5000.0,3000.0,6000.0,0.05,1.0,0.0,-1.65,0.0,0.0149999996647238,0.0,0.0179999992251396,1250.0,1500.0,alternative,SH
169,3000.0,5000.0,3000.0,5000.0,0.59,3.95,0.0,-0.4100000000000001,0.0,0.0240000002086162,0.0,0.0392000004649162,1250.0,1250.0,alternative,SH
170,3000.0,3000.0,3000.0,3000.0,0.67,3.09,0.0,-0.33,0.0,0.0659999996423721,0.0,0.070333331823349,750.0,750.0,alternative,SH
171,3000.0,1000.0,3000.0,1000.0,0.03,1.0,0.0,-1.18,1.0,0.9663333296775818,1.0,0.9649999737739564,750.0,750.0,alternative,SH
172,3000.0,1000.0,3000.0,1000.0,0.51,1.0,0.0,-1.47,1.0,0.977999985218048,1.0,0.9683333039283752,750.0,750.0,alternative,SH
173,3000.0,4000.0,3000.0,1000.0,0.23,3.26,0.0,-0.77,1.0,0.9769999980926514,1.0,0.97775000333786,1000.0,750.0,alternative,SH
174,3000.0,1000.0,3000.0,1000.0,0.64,2.83,0.0,-0.3599999999999999,1.0,0.9760000109672546,1.0,0.9683333039283752,750.0,750.0,alternative,SH
175,3000.0,4000.0,3000.0,5000.0,0.18,2.92,0.0,-0.8199999999999998,1.0,0.9842000007629396,1.0,0.9782000184059144,1000.0,1250.0,alternative,SH
176,3000.0,1000.0,3000.0,1000.0,0.69,3.09,0.0,-0.31,1.0,0.9626666903495787,1.0,0.9726666808128356,750.0,750.0,alternative,SH
177,3000.0,1000.0,3000.0,4000.0,0.39,1.0,0.0,-1.31,1.0,0.9732499718666076,1.0,0.9800000190734864,750.0,1000.0,alternative,SH
178,3000.0,6000.0,3000.0,5000.0,0.93,1.43,0.0,-0.0699999999999998,0.0,0.014333332888782,0.0,0.0183333326131105,1500.0,1250.0,alternative,SH
179,3000.0,2000.0,3000.0,1000.0,0.14,1.0,0.0,-1.4,1.0,0.9539999961853028,1.0,0.9673333168029784,750.0,750.0,alternative,SH
180,3000.0,5000.0,3000.0,5000.0,0.34,3.45,0.0,-0.6600000000000001,0.0,0.0140000004321336,0.0,0.0219999998807907,1250.0,1250.0,alternative,SH
181,4000.0,9000.0,3000.0,9000.0,0.12,2.49,0.0,-0.8800000000000003,0.0,0.0140000004321336,0.0,0.014333332888782,2250.0,2250.0,alternative,SH
182,4000.0,1000.0,3000.0,1000.0,0.92,1.32,0.0,-0.08,1.0,0.9692500233650208,1.0,0.959500014781952,1000.0,750.0,alternative,SH
183,3000.0,1000.0,3000.0,1000.0,0.87,1.0,0.0,-0.88,1.0,0.9773333072662354,1.0,0.9459999799728394,750.0,750.0,alternative,SH
184,3000.0,7000.0,3000.0,7000.0,0.26,1.24,0.0,-0.74,0.0,0.0294285714626312,0.0,0.0267142858356237,1750.0,1750.0,alternative,SH
185,3000.0,3000.0,3000.0,1000.0,0.66,1.3,0.0,-0.3400000000000001,1.0,0.9763333201408386,1.0,0.9653333425521852,750.0,750.0,alternative,SH
186,3000.0,1000.0,3000.0,1000.0,0.81,2.92,0.0,-0.1899999999999999,1.0,0.962000012397766,1.0,0.968999981880188,750.0,750.0,alternative,SH
187,3000.0,1000.0,5000.0,1000.0,0.55,2.55,0.0,-0.4499999999999997,1.0,0.9854000210762024,1.0,0.97979998588562,750.0,1250.0,alternative,SH
188,3000.0,3000.0,3000.0,3000.0,0.53,3.55,0.0,-0.4699999999999997,0.0,0.0240000002086162,0.0,0.0293333325535058,750.0,750.0,alternative,SH
189,5000.0,4000.0,5000.0,4000.0,0.25,1.89,0.0,-0.75,0.0,0.0238000005483627,0.0,0.0377999991178512,1250.0,1250.0,alternative,SH
190,3000.0,2000.0,3000.0,2000.0,0.1,1.0,0.0,-1.42,0.0,0.0280000008642673,0.0,0.0323333330452442,750.0,750.0,alternative,SH
191,3000.0,3000.0,3000.0,3000.0,0.89,2.85,0.0,-0.1099999999999998,0.0,0.036666665226221,0.0,0.0633333325386047,750.0,750.0,alternative,SH
192,3000.0,3000.0,3000.0,3000.0,0.89,3.04,0.0,-0.1099999999999998,0.0,0.0199999995529651,0.0,0.0280000008642673,750.0,750.0,alternative,SH
193,3000.0,3000.0,3000.0,2000.0,0.63,2.25,0.0,-0.3700000000000001,0.0,0.0549999997019767,0.0,0.0606666654348373,750.0,750.0,alternative,SH
194,3000.0,7000.0,3000.0,7000.0,0.34,3.08,0.0,-0.6600000000000001,0.0,0.0258571431040763,0.0,0.0332857146859169,1750.0,1750.0,alternative,SH
195,3000.0,3000.0,3000.0,3000.0,0.35,1.98,0.0,-0.6499999999999999,0.0,0.0480000004172325,0.0,0.036666665226221,750.0,750.0,alternative,SH
196,3000.0,7000.0,3000.0,7000.0,0.72,2.09,0.0,-0.2799999999999998,0.0,0.0155714284628629,0.0,0.0135714281350374,1750.0,1750.0,alternative,SH
197,3000.0,2000.0,3000.0,2000.0,0.89,1.71,0.0,-0.1099999999999998,0.0,0.0226666666567325,0.0,0.0649999976158142,750.0,750.0,alternative,SH
198,3000.0,1000.0,3000.0,1000.0,0.88,1.0,0.0,-1.02,1.0,0.9766666889190674,1.0,0.9480000138282776,750.0,750.0,alternative,SH
199,3000.0,1000.0,3000.0,1000.0,0.77,1.0,0.0,-0.7999999999999999,1.0,0.9729999899864196,1.0,0.946333348751068,750.0,750.0,alternative,SH
200,12811.0,10842.0,10842.0,10842.0,0.04,1.5,0.0,-0.96,1.0,0.910389482975006,1.0,0.914604663848877,1060.0,1060.0,episodic,SH
201,11823.0,11823.0,10842.0,10842.0,0.63,3.8,0.0,-0.3700000000000001,0.0,0.1056415438652038,0.0,0.1070794239640235,980.0,980.0,episodic,SH
202,10832.0,22647.0,21664.0,22647.0,0.32,2.93,0.0,-0.6799999999999997,0.0,0.0584624893963336,0.0,0.0610676929354667,2050.0,2050.0,episodic,SH
203,11832.0,16754.0,13803.0,16754.0,0.51,2.39,0.0,-0.4899999999999997,0.0,0.0762206017971038,0.0,0.0766384154558181,1430.0,1430.0,episodic,SH
204,13793.0,14782.0,13793.0,12805.0,0.9,1.0,0.0,-0.48,0.0,0.6524150967597961,0.0,0.617304801940918,1220.0,1220.0,episodic,SH
205,9853.0,8866.0,10839.0,6897.0,0.25,1.0,0.0,-1.13,1.0,0.8963926434516907,1.0,0.8943629264831543,930.0,930.0,episodic,SH
206,12817.0,12817.0,11831.0,12817.0,0.41,1.0,0.0,-1.36,1.0,0.8915503025054932,1.0,0.8963876366615295,1060.0,1060.0,episodic,SH
207,11835.0,13812.0,10848.0,13812.0,0.75,3.46,0.0,-0.25,0.0,0.0950622633099556,0.0,0.0899218097329139,1140.0,1140.0,episodic,SH
208,10841.0,11827.0,11827.0,11827.0,0.23,2.4,0.0,-0.77,0.0,0.1073814183473587,0.0,0.1081423833966255,970.0,970.0,episodic,SH
209,11843.0,8873.0,11843.0,10853.0,0.09,2.83,0.0,-0.91,1.0,0.8902305364608765,1.0,0.8844887018203735,950.0,950.0,episodic,SH
210,13794.0,10842.0,11820.0,12809.0,0.29,1.0,0.0,-1.63,1.0,0.9033637642860411,1.0,0.9039437174797058,1130.0,1130.0,episodic,SH
211,10832.0,11816.0,10832.0,11816.0,0.17,3.88,0.0,-0.8300000000000001,0.0,0.0939404219388961,0.0,0.0963947176933288,1060.0,1060.0,episodic,SH
212,12825.0,16760.0,15773.0,16760.0,0.92,3.33,0.0,-0.08,0.0,0.0931384265422821,0.0,0.0936157554388046,1350.0,1350.0,episodic,SH
213,12820.0,11840.0,11840.0,12820.0,0.8,1.0,0.0,-0.35,0.0,0.3252730071544647,0.0,0.331669270992279,1040.0,1040.0,episodic,SH
214,9843.0,4931.0,9843.0,5910.0,0.63,1.0,0.0,-0.64,1.0,0.8724982142448425,1.0,0.874123752117157,890.0,890.0,episodic,SH
215,10863.0,10863.0,12832.0,12832.0,0.86,1.0,0.0,-0.41,0.0,0.3025249242782593,0.0,0.3082917630672455,970.0,970.0,episodic,SH
216,10835.0,8872.0,10835.0,11819.0,0.8,1.22,0.0,-0.1999999999999999,0.0,0.1013622134923935,0.0,0.0978932231664657,1050.0,1050.0,episodic,SH
217,11826.0,12816.0,12816.0,12816.0,0.19,2.1,0.0,-0.81,0.0,0.0948033705353736,0.0,0.0937890112400055,1000.0,1000.0,episodic,SH
218,9847.0,9847.0,10829.0,9847.0,0.88,1.73,0.0,-0.1200000000000001,0.0,0.1004709601402282,0.0,0.0997321978211402,980.0,980.0,episodic,SH
219,12798.0,12798.0,11824.0,12798.0,0.54,1.16,0.0,-0.4599999999999998,0.0,0.1050945445895195,0.0,0.1039224863052368,1050.0,1050.0,episodic,SH
220,10823.0,8849.0,10823.0,9843.0,0.8,2.45,0.0,-0.2000000000000001,0.0,0.0998798832297325,0.0,0.1032985299825668,1000.0,1000.0,episodic,SH
221,24622.0,23640.0,23640.0,23640.0,0.89,1.0,0.0,-0.55,0.0,0.770246148109436,0.0,0.7976606488227844,2140.0,2140.0,episodic,SH
222,9843.0,11814.0,10827.0,8859.0,0.32,1.17,0.0,-0.6799999999999999,0.0,0.1355171799659729,0.0,0.1317081451416015,1040.0,1040.0,episodic,SH
223,11824.0,9862.0,11824.0,6914.0,0.12,1.47,0.0,-0.88,1.0,0.8826962113380432,1.0,0.8827807903289795,970.0,970.0,episodic,SH
224,11830.0,16761.0,10849.0,16761.0,0.23,1.82,0.0,-0.7699999999999998,0.0,0.066523477435112,0.0,0.0652109086513519,1390.0,1390.0,episodic,SH
225,10839.0,12817.0,12817.0,12817.0,0.43,3.14,0.0,-0.5699999999999998,0.0,0.0832488089799881,0.0,0.0821565091609954,1070.0,1070.0,episodic,SH
226,9852.0,8862.0,11820.0,8862.0,0.81,1.0,0.0,-0.3899999999999999,0.0,0.4641285836696625,0.0,0.4611675143241882,1030.0,1030.0,episodic,SH
227,11823.0,16728.0,10833.0,16728.0,0.85,2.06,0.0,-0.1499999999999999,0.0,0.0693448111414909,0.0,0.0662960335612297,1490.0,1490.0,episodic,SH
228,10809.0,13775.0,13775.0,10809.0,0.02,2.37,0.0,-0.98,0.0,0.0854446440935134,0.0,0.0882758647203445,1230.0,1230.0,episodic,SH
229,10852.0,11837.0,11837.0,7894.0,0.51,1.0,0.0,-1.3,1.0,0.9008194804191588,1.0,0.8967643976211548,990.0,990.0,episodic,SH
230,11838.0,13809.0,11838.0,14789.0,0.42,2.43,0.0,-0.5799999999999998,0.0,0.1004800871014595,0.0,0.0970315784215927,1180.0,1180.0,episodic,SH
231,11830.0,6898.0,10841.0,12815.0,0.23,1.0,0.0,-1.09,1.0,0.9045649766921996,1.0,0.9025360941886902,1070.0,1070.0,episodic,SH
232,11815.0,12802.0,10830.0,14780.0,0.13,1.0,0.0,-1.61,1.0,0.9181326031684875,1.0,0.9164411425590516,1270.0,1270.0,episodic,SH
233,11846.0,13818.0,12836.0,13818.0,0.34,3.8,0.0,-0.6600000000000001,0.0,0.0872774645686149,0.0,0.0858300775289535,1130.0,1130.0,episodic,SH
234,11834.0,19714.0,10848.0,18730.0,0.93,3.86,0.0,-0.0699999999999998,0.0,0.0678705498576164,0.0,0.0687836036086082,1680.0,1680.0,episodic,SH
235,10822.0,9838.0,10822.0,9838.0,0.33,3.23,0.0,-0.6699999999999999,0.0,0.1068194434046745,0.0,0.1088523343205452,960.0,960.0,episodic,SH
236,12807.0,14778.0,13798.0,14778.0,0.52,1.22,0.0,-0.48,0.0,0.0967654585838317,0.0,0.0950737595558166,1200.0,1200.0,episodic,SH
237,11832.0,10848.0,12817.0,10848.0,0.7,1.0,0.0,-0.91,1.0,0.902551293373108,1.0,0.9039556980133056,1050.0,1050.0,episodic,SH
238,10830.0,18695.0,11814.0,17715.0,0.37,2.74,0.0,-0.6300000000000003,0.0,0.0639743283390998,0.0,0.0661674216389656,1680.0,1680.0,episodic,SH
239,11828.0,10840.0,12811.0,10840.0,0.96,1.76,0.0,-0.04,0.0,0.097025990486145,0.0,0.0986652076244354,1070.0,1070.0,episodic,SH
240,11820.0,10842.0,11820.0,11820.0,0.95,1.0,0.0,-0.56,1.0,0.8983925580978394,1.0,0.9038071036338806,1030.0,1030.0,episodic,SH
241,10828.0,12799.0,10828.0,12799.0,0.26,1.98,0.0,-0.74,0.0,0.0823501870036125,0.0,0.0836784094572067,1120.0,1120.0,episodic,SH
242,11848.0,8889.0,11848.0,10859.0,0.5,1.0,0.0,-1.36,1.0,0.8946657776832581,1.0,0.894834578037262,990.0,990.0,episodic,SH
243,11823.0,17745.0,13794.0,17745.0,0.3,3.64,0.0,-0.7000000000000002,0.0,0.0752888172864914,0.0,0.0715694576501846,1470.0,1470.0,episodic,SH
244,10828.0,5914.0,10828.0,8866.0,0.29,1.04,0.0,-0.7100000000000001,1.0,0.8828038573265076,1.0,0.8786479234695435,930.0,930.0,episodic,SH
245,11801.0,7869.0,9835.0,8854.0,0.05,2.65,0.0,-0.95,1.0,0.8871282339096069,1.0,0.891110897064209,1060.0,1060.0,episodic,SH
246,10828.0,8865.0,10828.0,10828.0,0.61,1.25,0.0,-0.39,0.0,0.1251385360956192,0.0,0.1192279309034347,900.0,900.0,episodic,SH
247,9846.0,9846.0,10831.0,8866.0,0.5,2.08,0.0,-0.5,0.0,0.1156864538788795,0.0,0.1132859364151954,970.0,970.0,episodic,SH
248,9870.0,8879.0,11837.0,6909.0,0.06,2.19,0.0,-0.94,1.0,0.9042831659317015,1.0,0.9018332362174988,940.0,940.0,episodic,SH
249,10846.0,11831.0,11831.0,11831.0,0.28,1.0,0.0,-0.98,1.0,0.8859775066375732,1.0,0.8835263252258301,990.0,990.0,episodic,SH
250,10843.0,16753.0,10843.0,16753.0,0.9,3.88,0.0,-0.1,0.0,0.0728227794170379,0.0,0.0741359740495681,1410.0,1410.0,episodic,SH
251,10847.0,18712.0,18712.0,18712.0,0.24,3.1,0.0,-0.7600000000000002,0.0,0.0760474577546119,0.0,0.0750320628285408,1610.0,1610.0,episodic,SH
252,11817.0,11817.0,11817.0,11817.0,0.15,3.76,0.0,-0.8500000000000001,0.0,0.105102814733982,0.0,0.110095627605915,1010.0,1010.0,episodic,SH
253,10847.0,15774.0,11837.0,15774.0,0.49,3.58,0.0,-0.5099999999999998,0.0,0.0833650305867195,0.0,0.0855838730931282,1360.0,1360.0,episodic,SH
254,10829.0,12804.0,12804.0,13788.0,0.98,2.39,0.0,-0.0199999999999995,0.0,0.0831882804632186,0.0,0.0815926864743232,1190.0,1190.0,episodic,SH
255,10831.0,16740.0,11817.0,16740.0,0.25,3.69,0.0,-0.75,0.0,0.0760454013943672,0.0,0.0798088386654853,1400.0,1400.0,episodic,SH
256,9854.0,7879.0,10834.0,7879.0,0.67,1.0,0.0,-0.98,1.0,0.8908067345619202,1.0,0.894868016242981,970.0,970.0,episodic,SH
257,9840.0,3951.0,10826.0,7872.0,0.76,1.0,0.0,-0.4599999999999999,1.0,0.8839830160140991,1.0,0.8922039270401001,1010.0,1010.0,episodic,SH
258,10832.0,8868.0,10832.0,9852.0,0.24,1.0,0.0,-1.58,1.0,0.8834933638572693,1.0,0.875830888748169,970.0,970.0,episodic,SH
259,10840.0,9847.0,11826.0,11826.0,0.72,1.3,0.0,-0.28,0.0,0.0947911366820335,0.0,0.1007103025913238,1030.0,1030.0,episodic,SH
260,11843.0,11843.0,10856.0,11843.0,0.37,1.55,0.0,-0.63,0.0,0.1038588210940361,0.0,0.1068141534924507,960.0,960.0,episodic,SH
261,10839.0,11820.0,10839.0,10839.0,0.63,1.09,0.0,-0.3700000000000001,0.0,0.0854483917355537,0.0,0.0834179371595382,1010.0,1010.0,episodic,SH
262,12827.0,12827.0,12827.0,12827.0,0.63,3.31,0.0,-0.3700000000000001,0.0,0.1139783263206482,0.0,0.1101582571864128,1070.0,1070.0,episodic,SH
263,10839.0,9852.0,10839.0,10839.0,0.54,1.43,0.0,-0.4599999999999999,0.0,0.1200295239686966,0.0,0.1090506538748741,910.0,910.0,episodic,SH
264,11827.0,6905.0,11827.0,9857.0,0.1,1.12,0.0,-0.9000000000000001,1.0,0.8943096399307251,1.0,0.9008201360702516,990.0,990.0,episodic,SH
265,9838.0,10822.0,10822.0,9838.0,0.83,2.17,0.0,-0.1699999999999999,0.0,0.1042321175336837,0.0,0.1045093312859535,970.0,970.0,episodic,SH
266,10812.0,6886.0,9833.0,8850.0,0.32,1.0,0.0,-1.12,1.0,0.9010359048843384,1.0,0.9003884792327881,1070.0,1070.0,episodic,SH
267,11822.0,18714.0,12801.0,18714.0,0.19,3.21,0.0,-0.81,0.0,0.0654590129852294,0.0,0.0658865049481391,1550.0,1550.0,episodic,SH
268,11827.0,9856.0,10840.0,9856.0,0.05,1.0,0.0,-1.65,1.0,0.886953592300415,1.0,0.8886446356773376,930.0,930.0,episodic,SH
269,11834.0,14778.0,13791.0,14778.0,0.59,3.95,0.0,-0.4100000000000001,0.0,0.0789687409996986,0.0,0.0782920569181442,1230.0,1230.0,episodic,SH
270,10838.0,10838.0,10838.0,10838.0,0.67,3.09,0.0,-0.33,0.0,0.1134895756840705,0.0,0.1132127717137336,950.0,950.0,episodic,SH
271,10836.0,7888.0,11829.0,11829.0,0.03,1.0,0.0,-1.18,1.0,0.9022740721702576,1.0,0.8990616202354431,960.0,960.0,episodic,SH
272,10851.0,10851.0,13808.0,13808.0,0.51,1.0,0.0,-1.47,1.0,0.911283314228058,1.0,0.9131662845611572,1140.0,1140.0,episodic,SH
273,11835.0,9865.0,11835.0,8878.0,0.23,3.26,0.0,-0.77,1.0,0.894381046295166,1.0,0.9018166661262512,960.0,960.0,episodic,SH
274,10846.0,11830.0,11830.0,12815.0,0.64,2.83,0.0,-0.3599999999999999,0.0,0.0934061631560325,0.0,0.0973858758807182,1100.0,1100.0,episodic,SH
275,9856.0,10836.0,9856.0,10836.0,0.18,2.92,0.0,-0.8199999999999998,0.0,0.0996677726507186,0.0,0.1017903313040733,950.0,950.0,episodic,SH
276,22690.0,21710.0,12835.0,21710.0,0.69,3.09,0.0,-0.31,0.0,0.0606875270605087,0.0,0.060070514678955,1880.0,1880.0,episodic,SH
277,11813.0,7876.0,11813.0,8864.0,0.39,1.0,0.0,-1.31,1.0,0.9086599349975586,1.0,0.9102683663368224,1030.0,1030.0,episodic,SH
278,10846.0,10846.0,10846.0,8877.0,0.93,1.43,0.0,-0.0699999999999998,0.0,0.1044624745845794,0.0,0.1026184782385826,950.0,950.0,episodic,SH
279,9822.0,9822.0,9822.0,9822.0,0.14,1.0,0.0,-1.4,1.0,0.8875992894172668,1.0,0.8867847919464111,950.0,950.0,episodic,SH
280,10837.0,12806.0,11822.0,12806.0,0.34,3.45,0.0,-0.6600000000000001,0.0,0.087693266570568,0.0,0.0929251909255981,1110.0,1110.0,episodic,SH
281,11829.0,6898.0,11829.0,9859.0,0.12,2.49,0.0,-0.8800000000000003,1.0,0.8950037956237793,1.0,0.8922140598297119,940.0,940.0,episodic,SH
282,11819.0,9845.0,11819.0,10831.0,0.92,1.32,0.0,-0.08,0.0,0.1065233945846557,0.0,0.1053388640284538,1030.0,1030.0,episodic,SH
283,10847.0,12811.0,11826.0,12811.0,0.87,1.0,0.0,-0.88,1.0,0.9235032200813292,1.0,0.9174147248268129,1110.0,1110.0,episodic,SH
284,10836.0,13788.0,10836.0,11817.0,0.26,1.24,0.0,-0.74,0.0,0.090513490140438,0.0,0.0921090766787529,1210.0,1210.0,episodic,SH
285,10842.0,10842.0,10842.0,9859.0,0.66,1.3,0.0,-0.3400000000000001,0.0,0.1422246843576431,0.0,0.1440693587064743,940.0,940.0,episodic,SH
286,9863.0,11832.0,10845.0,11832.0,0.81,2.92,0.0,-0.1899999999999999,0.0,0.0989689007401466,0.0,0.1005747094750404,1020.0,1020.0,episodic,SH
287,12808.0,12808.0,11825.0,13792.0,0.55,2.55,0.0,-0.4499999999999997,0.0,0.0878770276904106,0.0,0.0917198359966278,1150.0,1150.0,episodic,SH
288,10837.0,11823.0,10837.0,11823.0,0.53,3.55,0.0,-0.4699999999999997,0.0,0.0884716212749481,0.0,0.0845808982849121,1060.0,1060.0,episodic,SH
289,10837.0,10837.0,10837.0,10837.0,0.25,1.89,0.0,-0.75,0.0,0.1248500496149063,0.0,0.1273415088653564,930.0,930.0,episodic,SH
290,10847.0,6904.0,11829.0,10847.0,0.1,1.0,0.0,-1.42,1.0,0.8913686871528625,1.0,0.8848592638969421,990.0,990.0,episodic,SH
291,10840.0,10840.0,11825.0,10840.0,0.89,2.85,0.0,-0.1099999999999998,0.0,0.0926849916577339,0.0,0.0923467203974723,1020.0,1020.0,episodic,SH
292,11844.0,16775.0,11844.0,16775.0,0.89,3.04,0.0,-0.1099999999999998,0.0,0.0717734694480896,0.0,0.0722503736615181,1330.0,1330.0,episodic,SH
293,11835.0,12815.0,11835.0,12815.0,0.63,2.25,0.0,-0.3700000000000001,0.0,0.1063597351312637,0.0,0.1019118204712867,1110.0,1110.0,episodic,SH
294,10832.0,11824.0,10832.0,12804.0,0.34,3.08,0.0,-0.6600000000000001,0.0,0.0978600457310676,0.0,0.0980943441390991,1060.0,1060.0,episodic,SH
295,12831.0,12831.0,12831.0,12831.0,0.35,1.98,0.0,-0.6499999999999999,0.0,0.1067726612091064,0.0,0.1033434644341468,1050.0,1050.0,episodic,SH
296,11842.0,11842.0,9865.0,11842.0,0.72,2.09,0.0,-0.2799999999999998,0.0,0.1045431494712829,0.0,0.1067387238144874,990.0,990.0,episodic,SH
297,13795.0,13795.0,12812.0,14786.0,0.89,1.71,0.0,-0.1099999999999998,0.0,0.0849452167749404,0.0,0.0857567936182022,1250.0,1250.0,episodic,SH
298,11855.0,10872.0,13827.0,10872.0,0.88,1.0,0.0,-1.02,1.0,0.8979532718658447,1.0,0.8991104364395142,1060.0,1060.0,episodic,SH
299,10824.0,9842.0,9842.0,9842.0,0.77,1.0,0.0,-0.7999999999999999,1.0,0.90188467502594,1.0,0.9007760286331176,1010.0,1010.0,episodic,SH
300,3000.0,3000.0,3000.0,3000.0,1.01,1.0,0.0,-0.63,1.0,0.9586666822433472,1.0,0.9506666660308838,2936.0,2936.0,normal,PD
301,30000.0,,,,1.6,1.0,0.0,-0.06,1.0,0.7822666764259338,1.0,0.7751333117485046,29936.0,,normal,PD
302,5000.0,4000.0,7000.0,4000.0,1.27,1.0,0.0,-0.28,1.0,0.9570000171661376,1.0,0.9652857184410096,4936.0,6936.0,normal,PD
303,3000.0,1000.0,4000.0,4000.0,1.62,1.0,0.0,-0.41,1.0,0.9710000157356262,1.0,0.96875,2936.0,3936.0,normal,PD
304,3000.0,4000.0,3000.0,4000.0,2.65,1.0,0.0,-0.85,1.0,0.9674999713897704,1.0,0.9725000262260436,3936.0,3936.0,normal,PD
305,3000.0,3000.0,3000.0,1000.0,1.32,1.0,0.0,-0.85,1.0,0.9670000076293944,1.0,0.962000012397766,2936.0,2936.0,normal,PD
306,3000.0,5000.0,3000.0,5000.0,1.68,1.0,0.0,-0.94,1.0,0.9746000170707704,1.0,0.9735999703407288,4936.0,4936.0,normal,PD
307,4000.0,6000.0,5000.0,6000.0,1.81,1.0,0.0,-0.14,1.0,0.9703333377838136,1.0,0.9681666493415833,5936.0,5936.0,normal,PD
308,4000.0,3000.0,4000.0,3000.0,1.17,1.0,0.0,-0.4,0.0,0.2529999911785126,0.0,0.241249993443489,3936.0,3936.0,normal,PD
309,4000.0,6000.0,6000.0,5000.0,1.01,1.0,0.0,-0.3,1.0,0.9208333492279052,1.0,0.9254999756813048,5936.0,5936.0,normal,PD
310,4000.0,6000.0,3000.0,6000.0,1.44,1.0,0.0,-0.98,1.0,0.9771666526794434,1.0,0.97816663980484,5936.0,5936.0,normal,PD
311,,,,,1.01,1.0,0.0,-0.04,1.0,0.790233314037323,1.0,0.7179333567619324,,,normal,PD
312,8000.0,10000.0,13000.0,11000.0,2.07,1.0,0.0,-0.18,1.0,0.9766153693199158,1.0,0.9670000076293944,9936.0,12936.0,normal,PD
313,3000.0,1000.0,3000.0,3000.0,2.4,1.0,0.0,-0.79,1.0,0.9639999866485596,1.0,0.9636666774749756,2936.0,2936.0,normal,PD
314,3000.0,3000.0,3000.0,3000.0,2.08,1.0,0.0,-0.82,1.0,0.9576666951179504,1.0,0.96233332157135,2936.0,2936.0,normal,PD
315,3000.0,10000.0,10000.0,10000.0,2.55,1.0,0.0,-0.82,1.0,0.9839000105857848,1.0,0.9819999933242798,9936.0,9936.0,normal,PD
316,3000.0,3000.0,3000.0,3000.0,2.32,1.0,0.0,-0.7,1.0,0.9639999866485596,1.0,0.9603333473205566,2936.0,2936.0,normal,PD
317,3000.0,3000.0,3000.0,3000.0,1.12,1.0,0.0,-0.48,1.0,0.9589999914169312,1.0,0.9589999914169312,2936.0,2936.0,normal,PD
318,9000.0,13000.0,13000.0,11000.0,2.37,1.0,0.0,-0.57,1.0,0.9852307438850404,1.0,0.9858461618423462,12936.0,12936.0,normal,PD
319,3000.0,2000.0,3000.0,1000.0,1.83,1.0,0.0,-0.71,1.0,0.9670000076293944,1.0,0.9636666774749756,2936.0,2936.0,normal,PD
320,14000.0,16000.0,14000.0,16000.0,2.08,1.0,0.0,-0.39,1.0,0.9850624799728394,1.0,0.9806874990463256,15936.0,15936.0,normal,PD
321,3000.0,6000.0,4000.0,5000.0,2.64,1.0,0.0,-0.86,1.0,0.97816663980484,1.0,0.977500021457672,5936.0,4936.0,normal,PD
322,3000.0,4000.0,3000.0,4000.0,1.41,1.0,0.0,-0.71,1.0,0.9704999923706056,1.0,0.9674999713897704,3936.0,3936.0,normal,PD
323,3000.0,3000.0,4000.0,3000.0,1.01,1.0,0.0,-0.64,1.0,0.9670000076293944,1.0,0.9667500257492064,2936.0,3936.0,normal,PD
324,14000.0,15000.0,13000.0,15000.0,1.2,1.0,0.0,-0.55,1.0,0.5794666409492493,1.0,0.593999981880188,14936.0,14936.0,normal,PD
325,4000.0,4000.0,4000.0,3000.0,1.41,1.0,0.0,-0.22,1.0,0.9580000042915344,1.0,0.9552500247955322,3936.0,3936.0,normal,PD
326,7000.0,9000.0,9000.0,9000.0,2.43,1.0,0.0,-0.8,1.0,0.9818888902664183,1.0,0.9828888773918152,8936.0,8936.0,normal,PD
327,6000.0,10000.0,4000.0,8000.0,2.25,1.0,0.0,-0.49,1.0,0.9793999791145324,1.0,0.9805999994277954,9936.0,7936.0,normal,PD
328,3000.0,6000.0,5000.0,3000.0,1.01,1.0,0.0,-0.41,1.0,0.9683333039283752,1.0,0.9726666808128356,5936.0,4936.0,normal,PD
329,4000.0,5000.0,3000.0,5000.0,1.9,1.0,0.0,-0.95,1.0,0.9711999893188475,1.0,0.9746000170707704,4936.0,4936.0,normal,PD
330,5000.0,3000.0,5000.0,4000.0,1.47,1.0,0.0,-0.4,1.0,0.9535999894142152,1.0,0.9437999725341796,4936.0,4936.0,normal,PD
331,3000.0,1000.0,3000.0,1000.0,1.26,1.0,0.0,-0.83,1.0,0.959999978542328,1.0,0.9566666483879088,2936.0,2936.0,normal,PD
332,3000.0,5000.0,4000.0,5000.0,1.06,1.0,0.0,-0.94,1.0,0.958400011062622,1.0,0.9562000036239624,4936.0,4936.0,normal,PD
333,,,,,1.23,1.0,0.0,-0.06,0.0,0.5407333374023438,1.0,0.5419999957084656,,,normal,PD
334,4000.0,4000.0,4000.0,4000.0,1.96,1.0,0.0,-0.04,0.0,0.296999990940094,0.0,0.4040000140666961,3936.0,3936.0,normal,PD
335,4000.0,4000.0,3000.0,4000.0,1.26,1.0,0.0,-0.2,1.0,0.9607499837875366,1.0,0.9629999995231628,3936.0,3936.0,normal,PD
336,4000.0,6000.0,7000.0,5000.0,1.79,1.0,0.0,-0.7,1.0,0.9762856960296632,1.0,0.979285717010498,5936.0,6936.0,normal,PD
337,3000.0,8000.0,3000.0,8000.0,2.27,1.0,0.0,-0.9,1.0,0.9816250205039978,1.0,0.981124997138977,7936.0,7936.0,normal,PD
338,9000.0,8000.0,4000.0,9000.0,1.36,1.0,0.0,-0.32,1.0,0.9751111268997192,1.0,0.9760000109672546,8936.0,8936.0,normal,PD
339,3000.0,5000.0,3000.0,4000.0,2.5,1.0,0.0,-0.56,1.0,0.9728000164031982,1.0,0.9746000170707704,4936.0,3936.0,normal,PD
340,3000.0,3000.0,3000.0,3000.0,2.79,1.0,0.0,-0.88,1.0,0.9639999866485596,1.0,0.965666651725769,2936.0,2936.0,normal,PD
341,3000.0,4000.0,4000.0,3000.0,1.24,1.0,0.0,-0.51,1.0,0.9652500152587892,1.0,0.9602500200271606,3936.0,3936.0,normal,PD
342,3000.0,4000.0,3000.0,3000.0,1.88,1.0,0.0,-0.97,1.0,0.9735000133514404,1.0,0.9712499976158142,3936.0,2936.0,normal,PD
343,,,,,1.2,1.0,0.0,-0.1,0.0,0.543666660785675,0.0,0.4753333330154419,,,normal,PD
344,3000.0,1000.0,3000.0,1000.0,1.36,1.0,0.0,-0.74,1.0,0.9610000252723694,1.0,0.9660000205039978,2936.0,2936.0,normal,PD
345,5000.0,6000.0,7000.0,6000.0,1.01,1.0,0.0,-0.34,1.0,0.9735714197158812,1.0,0.9691428542137146,5936.0,6936.0,normal,PD
346,3000.0,3000.0,3000.0,4000.0,1.95,1.0,0.0,-0.69,1.0,0.9702500104904176,1.0,0.9732499718666076,2936.0,3936.0,normal,PD
347,5000.0,3000.0,4000.0,4000.0,1.65,1.0,0.0,-0.49,1.0,0.9679999947547911,1.0,0.9679999947547911,4936.0,3936.0,normal,PD
348,4000.0,1000.0,3000.0,3000.0,1.01,1.0,0.0,-0.46,1.0,0.9677500128746032,1.0,0.9670000076293944,3936.0,2936.0,normal,PD
349,4000.0,4000.0,3000.0,4000.0,1.37,1.0,0.0,-0.82,1.0,0.9697499871253968,1.0,0.9700000286102296,3936.0,3936.0,normal,PD
350,,,,,1.92,1.0,0.0,-0.04,0.0,0.7050333619117737,0.0,0.5773666501045227,,,normal,PD
351,4000.0,4000.0,3000.0,4000.0,1.15,1.0,0.0,-0.23,1.0,0.9639999866485596,1.0,0.962499976158142,3936.0,3936.0,normal,PD
352,3000.0,3000.0,3000.0,3000.0,1.01,1.0,0.0,-0.07,0.0,0.194333329796791,0.0,0.1990000009536743,2936.0,2936.0,normal,PD
353,,,,,1.44,1.0,0.0,-0.11,1.0,0.7189666628837585,1.0,0.5619333386421204,,,normal,PD
354,4000.0,3000.0,4000.0,3000.0,2.38,1.0,0.0,-0.41,1.0,0.9505000114440918,1.0,0.9522500038146972,3936.0,3936.0,normal,PD
355,,,,30000.0,1.12,1.0,0.0,-0.09,0.0,0.7087000012397766,1.0,0.6643666625022888,,29936.0,normal,PD
356,3000.0,1000.0,3000.0,1000.0,2.21,1.0,0.0,-0.91,1.0,0.9589999914169312,1.0,0.9586666822433472,2936.0,2936.0,normal,PD
357,3000.0,1000.0,3000.0,3000.0,2.33,1.0,0.0,-0.81,1.0,0.9643333554267884,1.0,0.959666669368744,2936.0,2936.0,normal,PD
358,3000.0,1000.0,3000.0,1000.0,1.32,1.0,0.0,-0.96,1.0,0.9636666774749756,1.0,0.9589999914169312,2936.0,2936.0,normal,PD
359,9000.0,9000.0,3000.0,7000.0,2.16,1.0,0.0,-0.68,1.0,0.9844444394111632,1.0,0.9831110835075378,8936.0,6936.0,normal,PD
360,3000.0,6000.0,3000.0,7000.0,1.47,1.0,0.0,-0.62,1.0,0.9800000190734864,1.0,0.9787142872810364,5936.0,6936.0,normal,PD
361,3000.0,1000.0,3000.0,1000.0,2.02,1.0,0.0,-0.73,1.0,0.965666651725769,1.0,0.9616666436195374,2936.0,2936.0,normal,PD
362,5000.0,5000.0,5000.0,5000.0,1.67,1.0,0.0,-0.18,1.0,0.9539999961853028,1.0,0.9559999704360962,4936.0,4936.0,normal,PD
363,3000.0,4000.0,3000.0,4000.0,1.79,1.0,0.0,-0.65,1.0,0.9679999947547911,1.0,0.965499997138977,3936.0,3936.0,normal,PD
364,3000.0,1000.0,3000.0,3000.0,1.01,1.0,0.0,-0.72,1.0,0.9589999914169312,1.0,0.9559999704360962,2936.0,2936.0,normal,PD
365,3000.0,10000.0,4000.0,9000.0,2.18,1.0,0.0,-0.46,1.0,0.9824000000953674,1.0,0.9837999939918518,9936.0,8936.0,normal,PD
366,3000.0,6000.0,3000.0,6000.0,1.46,1.0,0.0,-0.86,1.0,0.977500021457672,1.0,0.9771666526794434,5936.0,5936.0,normal,PD
367,5000.0,5000.0,5000.0,6000.0,1.07,1.0,0.0,-0.21,1.0,0.9458333253860474,1.0,0.9470000267028807,4936.0,5936.0,normal,PD
368,4000.0,3000.0,3000.0,3000.0,1.01,1.0,0.0,-0.93,1.0,0.9679999947547911,1.0,0.9727500081062316,3936.0,2936.0,normal,PD
369,,,,,1.52,1.0,0.0,-0.02,0.0,0.7060999870300293,1.0,0.5223666429519653,,,normal,PD
370,4000.0,5000.0,4000.0,4000.0,1.77,1.0,0.0,-0.24,1.0,0.954200029373169,1.0,0.9588000178337096,4936.0,3936.0,normal,PD
371,22000.0,22000.0,22000.0,22000.0,1.01,1.0,0.0,-0.8,1.0,0.3465000092983246,1.0,0.2342272698879242,21936.0,21936.0,normal,PD
372,3000.0,9000.0,3000.0,8000.0,1.92,1.0,0.0,-0.99,1.0,0.983222246170044,1.0,0.9834444522857666,8936.0,7936.0,normal,PD
373,5000.0,5000.0,6000.0,4000.0,1.12,1.0,0.0,-0.19,1.0,0.965666651725769,1.0,0.9636666774749756,4936.0,5936.0,normal,PD
374,4000.0,6000.0,4000.0,6000.0,1.76,1.0,0.0,-0.3,1.0,0.9509999752044678,1.0,0.9559999704360962,5936.0,5936.0,normal,PD
375,4000.0,3000.0,4000.0,5000.0,1.06,1.0,0.0,-0.28,1.0,0.949999988079071,1.0,0.9616000056266784,3936.0,4936.0,normal,PD
376,5000.0,4000.0,3000.0,4000.0,1.79,1.0,0.0,-0.24,1.0,0.9703999757766724,1.0,0.9706000089645386,4936.0,3936.0,normal,PD
377,3000.0,1000.0,3000.0,1000.0,1.63,1.0,0.0,-0.93,1.0,0.9660000205039978,1.0,0.968666672706604,2936.0,2936.0,normal,PD
378,11000.0,16000.0,10000.0,16000.0,2.52,1.0,0.0,-0.65,1.0,0.9869999885559082,1.0,0.9867500066757202,15936.0,15936.0,normal,PD
379,3000.0,1000.0,3000.0,1000.0,1.09,1.0,0.0,-0.89,1.0,0.9606666564941406,1.0,0.9639999866485596,2936.0,2936.0,normal,PD
380,7000.0,3000.0,8000.0,5000.0,1.26,1.0,0.0,-0.15,1.0,0.9631249904632568,1.0,0.9614999890327454,6936.0,7936.0,normal,PD
381,11000.0,10000.0,11000.0,13000.0,1.01,1.0,0.0,-0.38,1.0,0.5245384573936462,1.0,0.5408461689949036,10936.0,12936.0,normal,PD
382,3000.0,3000.0,3000.0,5000.0,2.52,1.0,0.0,-0.67,1.0,0.9728000164031982,1.0,0.972000002861023,2936.0,4936.0,normal,PD
383,3000.0,5000.0,5000.0,5000.0,2.67,1.0,0.0,-0.94,1.0,0.977999985218048,1.0,0.9724000096321106,4936.0,4936.0,normal,PD
384,3000.0,4000.0,3000.0,4000.0,1.29,1.0,0.0,-0.69,1.0,0.9700000286102296,1.0,0.9745000004768372,3936.0,3936.0,normal,PD
385,3000.0,5000.0,3000.0,6000.0,2.04,1.0,0.0,-0.68,1.0,0.9728333353996276,1.0,0.9761666655540466,4936.0,5936.0,normal,PD
386,6000.0,3000.0,5000.0,6000.0,2.0,1.0,0.0,-0.28,1.0,0.9710000157356262,1.0,0.97516667842865,5936.0,5936.0,normal,PD
387,3000.0,4000.0,3000.0,3000.0,1.67,1.0,0.0,-0.37,1.0,0.9674999713897704,1.0,0.9649999737739564,3936.0,2936.0,normal,PD
388,,,,,1.5,1.0,0.0,-0.12,0.0,0.5512333512306213,0.0,0.7312333583831787,,,normal,PD
389,11000.0,9000.0,9000.0,9000.0,1.22,1.0,0.0,-0.53,1.0,0.66154545545578,1.0,0.6254545450210571,10936.0,8936.0,normal,PD
390,6000.0,7000.0,3000.0,7000.0,1.01,1.0,0.0,-0.88,1.0,0.9760000109672546,1.0,0.9818571209907532,6936.0,6936.0,normal,PD
391,4000.0,3000.0,3000.0,3000.0,2.13,1.0,0.0,-0.29,1.0,0.9617499709129332,1.0,0.9589999914169312,3936.0,2936.0,normal,PD
392,4000.0,4000.0,4000.0,4000.0,2.1,1.0,0.0,-0.25,1.0,0.9057499766349792,1.0,0.9085000157356262,3936.0,3936.0,normal,PD
393,3000.0,3000.0,3000.0,2000.0,1.84,1.0,0.0,-0.44,1.0,0.9559999704360962,1.0,0.9606666564941406,2936.0,2936.0,normal,PD
394,,,,,1.29,1.0,0.0,-0.24,1.0,0.675433337688446,1.0,0.6489666700363159,,,normal,PD
395,3000.0,3000.0,3000.0,3000.0,1.4,1.0,0.0,-0.51,1.0,0.9546666741371156,1.0,0.9506666660308838,2936.0,2936.0,normal,PD
396,4000.0,7000.0,4000.0,7000.0,2.02,1.0,0.0,-0.48,1.0,0.977142870426178,1.0,0.9751428365707396,6936.0,6936.0,normal,PD
397,4000.0,6000.0,4000.0,6000.0,2.39,1.0,0.0,-0.58,1.0,0.975333333015442,1.0,0.9763333201408386,5936.0,5936.0,normal,PD
398,6000.0,15000.0,11000.0,14000.0,2.72,1.0,0.0,-0.97,1.0,0.9881333112716676,1.0,0.9865333437919616,14936.0,13936.0,normal,PD
399,3000.0,8000.0,3000.0,6000.0,2.42,1.0,0.0,-0.89,1.0,0.9816250205039978,1.0,0.981374979019165,7936.0,5936.0,normal,PD
400,3000.0,4000.0,3000.0,4000.0,1.01,1.0,0.0,-0.63,1.0,0.9714999794960022,1.0,0.9580000042915344,1000.0,1000.0,alternative,PD
401,21000.0,,,24000.0,1.6,1.0,0.0,-0.06,1.0,0.9491666555404664,1.0,0.9241666793823242,5250.0,6000.0,alternative,PD
402,3000.0,6000.0,5000.0,7000.0,1.27,1.0,0.0,-0.28,1.0,0.9844285845756532,1.0,0.9735714197158812,1500.0,1750.0,alternative,PD
403,3000.0,3000.0,3000.0,1000.0,1.62,1.0,0.0,-0.41,1.0,0.9729999899864196,1.0,0.9573333263397216,750.0,750.0,alternative,PD
404,3000.0,3000.0,3000.0,5000.0,2.65,1.0,0.0,-0.85,1.0,0.9801999926567078,1.0,0.9783999919891356,750.0,1250.0,alternative,PD
405,3000.0,3000.0,3000.0,1000.0,1.32,1.0,0.0,-0.85,1.0,0.9706666469573976,1.0,0.9490000009536744,750.0,750.0,alternative,PD
406,3000.0,11000.0,8000.0,12000.0,1.68,1.0,0.0,-0.94,1.0,0.9891666769981384,1.0,0.9817500114440918,2750.0,3000.0,alternative,PD
407,3000.0,3000.0,3000.0,3000.0,1.81,1.0,0.0,-0.14,1.0,0.962000012397766,1.0,0.9480000138282776,750.0,750.0,alternative,PD
408,3000.0,1000.0,3000.0,1000.0,1.17,1.0,0.0,-0.4,1.0,0.977666676044464,1.0,0.9516666531562804,750.0,750.0,alternative,PD
409,3000.0,1000.0,3000.0,1000.0,1.01,1.0,0.0,-0.3,1.0,0.9683333039283752,1.0,0.9679999947547911,750.0,750.0,alternative,PD
410,3000.0,5000.0,3000.0,6000.0,1.44,1.0,0.0,-0.98,1.0,0.9865000247955322,1.0,0.9693333506584167,1250.0,1500.0,alternative,PD
411,13000.0,8000.0,13000.0,10000.0,1.01,1.0,0.0,-0.04,1.0,0.9682307839393616,1.0,0.9718461632728576,3250.0,3250.0,alternative,PD
412,4000.0,4000.0,3000.0,4000.0,2.07,1.0,0.0,-0.18,1.0,0.9739999771118164,1.0,0.9524999856948853,1000.0,1000.0,alternative,PD
413,3000.0,8000.0,3000.0,7000.0,2.4,1.0,0.0,-0.79,1.0,0.9856250286102296,1.0,0.9852499961853028,2000.0,1750.0,alternative,PD
414,3000.0,6000.0,3000.0,6000.0,2.08,1.0,0.0,-0.82,1.0,0.9835000038146972,1.0,0.97516667842865,1500.0,1500.0,alternative,PD
415,7000.0,7000.0,6000.0,7000.0,2.55,1.0,0.0,-0.82,1.0,0.9868571162223816,1.0,0.973714292049408,1750.0,1750.0,alternative,PD
416,3000.0,5000.0,3000.0,4000.0,2.32,1.0,0.0,-0.7,1.0,0.9782000184059144,1.0,0.967199981212616,1250.0,1000.0,alternative,PD
417,3000.0,1000.0,3000.0,1000.0,1.12,1.0,0.0,-0.48,1.0,0.977666676044464,1.0,0.9683333039283752,750.0,750.0,alternative,PD
418,3000.0,5000.0,5000.0,5000.0,2.37,1.0,0.0,-0.57,1.0,0.9778000116348268,1.0,0.9621999859809875,1250.0,1250.0,alternative,PD
419,3000.0,1000.0,3000.0,1000.0,1.83,1.0,0.0,-0.71,1.0,0.975666642189026,1.0,0.968666672706604,750.0,750.0,alternative,PD
420,3000.0,3000.0,3000.0,1000.0,2.08,1.0,0.0,-0.39,1.0,0.9703333377838136,1.0,0.9653333425521852,750.0,750.0,alternative,PD
421,3000.0,4000.0,3000.0,5000.0,2.64,1.0,0.0,-0.86,1.0,0.9829999804496764,1.0,0.9642000198364258,1000.0,1250.0,alternative,PD
422,3000.0,9000.0,6000.0,9000.0,1.41,1.0,0.0,-0.71,1.0,0.9890000224113464,1.0,0.9855555295944214,2250.0,2250.0,alternative,PD
423,3000.0,1000.0,3000.0,1000.0,1.01,1.0,0.0,-0.64,1.0,0.9793333411216736,1.0,0.9696666598320008,750.0,750.0,alternative,PD
424,3000.0,1000.0,3000.0,2000.0,1.2,1.0,0.0,-0.55,1.0,0.96233332157135,1.0,0.9476666450500488,750.0,750.0,alternative,PD
425,3000.0,4000.0,3000.0,5000.0,1.41,1.0,0.0,-0.22,1.0,0.9824000000953674,1.0,0.9667999744415284,1000.0,1250.0,alternative,PD
426,10000.0,10000.0,7000.0,10000.0,2.43,1.0,0.0,-0.8,1.0,0.9883999824523926,1.0,0.979200005531311,2500.0,2500.0,alternative,PD
427,3000.0,11000.0,3000.0,13000.0,2.25,1.0,0.0,-0.49,1.0,0.990461528301239,1.0,0.9883077144622804,2750.0,3250.0,alternative,PD
428,3000.0,1000.0,3000.0,1000.0,1.01,1.0,0.0,-0.41,1.0,0.977999985218048,1.0,0.9673333168029784,750.0,750.0,alternative,PD
429,3000.0,5000.0,3000.0,6000.0,1.9,1.0,0.0,-0.95,1.0,0.9861666560173036,1.0,0.968666672706604,1250.0,1500.0,alternative,PD
430,3000.0,7000.0,3000.0,7000.0,1.47,1.0,0.0,-0.4,1.0,0.9847142696380616,1.0,0.9855714440345764,1750.0,1750.0,alternative,PD
431,3000.0,1000.0,3000.0,1000.0,1.26,1.0,0.0,-0.83,1.0,0.9703333377838136,1.0,0.9459999799728394,750.0,750.0,alternative,PD
432,3000.0,4000.0,3000.0,4000.0,1.06,1.0,0.0,-0.94,1.0,0.9810000061988832,1.0,0.9557499885559082,1000.0,1000.0,alternative,PD
433,10000.0,8000.0,3000.0,9000.0,1.23,1.0,0.0,-0.06,1.0,0.9779000282287598,1.0,0.9865999817848206,2500.0,2250.0,alternative,PD
434,4000.0,4000.0,4000.0,4000.0,1.96,1.0,0.0,-0.04,0.0,0.4435000121593475,0.0,0.1962500065565109,1000.0,1000.0,alternative,PD
435,3000.0,1000.0,3000.0,4000.0,1.26,1.0,0.0,-0.2,1.0,0.9792500138282776,1.0,0.9614999890327454,750.0,1000.0,alternative,PD
436,3000.0,1000.0,3000.0,1000.0,1.79,1.0,0.0,-0.7,1.0,0.9666666388511658,1.0,0.9446666836738586,750.0,750.0,alternative,PD
437,7000.0,9000.0,7000.0,9000.0,2.27,1.0,0.0,-0.9,1.0,0.9860000014305116,1.0,0.9777777791023254,2250.0,2250.0,alternative,PD
438,5000.0,9000.0,7000.0,5000.0,1.36,1.0,0.0,-0.32,1.0,0.9632222056388856,1.0,0.9815555810928344,2250.0,1750.0,alternative,PD
439,3000.0,1000.0,3000.0,6000.0,2.5,1.0,0.0,-0.56,1.0,0.9819999933242798,1.0,0.984000027179718,750.0,1500.0,alternative,PD
440,3000.0,2000.0,3000.0,3000.0,2.79,1.0,0.0,-0.88,1.0,0.9806666374206544,1.0,0.9683333039283752,750.0,750.0,alternative,PD
441,3000.0,3000.0,3000.0,4000.0,1.24,1.0,0.0,-0.51,1.0,0.9789999723434448,1.0,0.9760000109672546,750.0,1000.0,alternative,PD
442,3000.0,6000.0,3000.0,6000.0,1.88,1.0,0.0,-0.97,1.0,0.9861666560173036,1.0,0.9708333611488342,1500.0,1500.0,alternative,PD
443,8000.0,7000.0,8000.0,5000.0,1.2,1.0,0.0,-0.1,1.0,0.9391250014305116,1.0,0.9181249737739564,2000.0,2000.0,alternative,PD
444,3000.0,1000.0,3000.0,1000.0,1.36,1.0,0.0,-0.74,1.0,0.968999981880188,1.0,0.9476666450500488,750.0,750.0,alternative,PD
445,3000.0,1000.0,3000.0,2000.0,1.01,1.0,0.0,-0.34,1.0,0.9683333039283752,1.0,0.968666672706604,750.0,750.0,alternative,PD
446,3000.0,8000.0,3000.0,7000.0,1.95,1.0,0.0,-0.69,1.0,0.984000027179718,1.0,0.9800000190734864,2000.0,1750.0,alternative,PD
447,3000.0,1000.0,3000.0,1000.0,1.65,1.0,0.0,-0.49,1.0,0.975333333015442,1.0,0.946333348751068,750.0,750.0,alternative,PD
448,3000.0,6000.0,3000.0,6000.0,1.01,1.0,0.0,-0.46,1.0,0.9815000295639038,1.0,0.9708333611488342,1500.0,1500.0,alternative,PD
449,3000.0,1000.0,3000.0,1000.0,1.37,1.0,0.0,-0.82,1.0,0.9783333539962769,1.0,0.9459999799728394,750.0,750.0,alternative,PD
450,19000.0,21000.0,21000.0,21000.0,1.92,1.0,0.0,-0.04,1.0,0.9053333401679992,1.0,0.9400476217269896,5250.0,5250.0,alternative,PD
451,3000.0,5000.0,3000.0,1000.0,1.15,1.0,0.0,-0.23,1.0,0.9769999980926514,1.0,0.9634000062942504,1250.0,750.0,alternative,PD
452,4000.0,1000.0,3000.0,2000.0,1.01,1.0,0.0,-0.07,1.0,0.9747499823570251,1.0,0.9587500095367432,1000.0,750.0,alternative,PD
453,3000.0,3000.0,3000.0,3000.0,1.44,1.0,0.0,-0.11,1.0,0.9629999995231628,1.0,0.946666657924652,750.0,750.0,alternative,PD
454,3000.0,6000.0,3000.0,7000.0,2.38,1.0,0.0,-0.41,1.0,0.9877142906188964,1.0,0.9818571209907532,1500.0,1750.0,alternative,PD
455,4000.0,2000.0,4000.0,3000.0,1.12,1.0,0.0,-0.09,1.0,0.930999994277954,1.0,0.8982499837875366,1000.0,1000.0,alternative,PD
456,3000.0,3000.0,3000.0,3000.0,2.21,1.0,0.0,-0.91,1.0,0.968666672706604,1.0,0.9636666774749756,750.0,750.0,alternative,PD
457,3000.0,5000.0,3000.0,5000.0,2.33,1.0,0.0,-0.81,1.0,0.9860000014305116,1.0,0.9643999934196472,1250.0,1250.0,alternative,PD
458,3000.0,1000.0,3000.0,1000.0,1.32,1.0,0.0,-0.96,1.0,0.9696666598320008,1.0,0.9506666660308838,750.0,750.0,alternative,PD
459,3000.0,4000.0,3000.0,4000.0,2.16,1.0,0.0,-0.68,1.0,0.9797499775886536,1.0,0.9602500200271606,1000.0,1000.0,alternative,PD
460,3000.0,1000.0,3000.0,1000.0,1.47,1.0,0.0,-0.62,1.0,0.9683333039283752,1.0,0.9700000286102296,750.0,750.0,alternative,PD
461,3000.0,9000.0,7000.0,9000.0,2.02,1.0,0.0,-0.73,1.0,0.9848889112472534,1.0,0.9841111302375792,2250.0,2250.0,alternative,PD
462,3000.0,7000.0,4000.0,8000.0,1.67,1.0,0.0,-0.18,1.0,0.984499990940094,1.0,0.9851250052452089,1750.0,2000.0,alternative,PD
463,3000.0,5000.0,3000.0,5000.0,1.79,1.0,0.0,-0.65,1.0,0.9807999730110168,1.0,0.9793999791145324,1250.0,1250.0,alternative,PD
464,3000.0,5000.0,3000.0,4000.0,1.01,1.0,0.0,-0.72,1.0,0.9764000177383424,1.0,0.9625999927520752,1250.0,1000.0,alternative,PD
465,3000.0,5000.0,3000.0,4000.0,2.18,1.0,0.0,-0.46,1.0,0.9751999974250792,1.0,0.977400004863739,1250.0,1000.0,alternative,PD
466,3000.0,4000.0,3000.0,4000.0,1.46,1.0,0.0,-0.86,1.0,0.9767500162124634,1.0,0.9767500162124634,1000.0,1000.0,alternative,PD
467,3000.0,1000.0,3000.0,3000.0,1.07,1.0,0.0,-0.21,1.0,0.9666666388511658,1.0,0.9703333377838136,750.0,750.0,alternative,PD
468,3000.0,1000.0,3000.0,1000.0,1.01,1.0,0.0,-0.93,1.0,0.9796666502952576,1.0,0.9706666469573976,750.0,750.0,alternative,PD
469,,,,28000.0,1.52,1.0,0.0,-0.02,1.0,0.8045666813850403,0.0,0.8141000270843506,,7000.0,alternative,PD
470,7000.0,9000.0,3000.0,9000.0,1.77,1.0,0.0,-0.24,1.0,0.9767777919769288,1.0,0.9874444603919984,2250.0,2250.0,alternative,PD
471,3000.0,1000.0,3000.0,1000.0,1.01,1.0,0.0,-0.8,1.0,0.9726666808128356,1.0,0.953000009059906,750.0,750.0,alternative,PD
472,6000.0,4000.0,3000.0,6000.0,1.92,1.0,0.0,-0.99,1.0,0.977666676044464,1.0,0.9708333611488342,1500.0,1500.0,alternative,PD
473,3000.0,1000.0,3000.0,1000.0,1.12,1.0,0.0,-0.19,1.0,0.9723333120346068,1.0,0.968666672706604,750.0,750.0,alternative,PD
474,5000.0,5000.0,3000.0,5000.0,1.76,1.0,0.0,-0.3,1.0,0.9764000177383424,1.0,0.9656000137329102,1250.0,1250.0,alternative,PD
475,3000.0,3000.0,3000.0,1000.0,1.06,1.0,0.0,-0.28,1.0,0.9723333120346068,1.0,0.9673333168029784,750.0,750.0,alternative,PD
476,7000.0,5000.0,3000.0,8000.0,1.79,1.0,0.0,-0.24,1.0,0.9852499961853028,1.0,0.9772499799728394,1750.0,2000.0,alternative,PD
477,3000.0,4000.0,3000.0,4000.0,1.63,1.0,0.0,-0.93,1.0,0.9797499775886536,1.0,0.9547500014305116,1000.0,1000.0,alternative,PD
478,3000.0,4000.0,3000.0,4000.0,2.52,1.0,0.0,-0.65,1.0,0.981249988079071,1.0,0.9789999723434448,1000.0,1000.0,alternative,PD
479,3000.0,4000.0,3000.0,4000.0,1.09,1.0,0.0,-0.89,1.0,0.971750020980835,1.0,0.9585000276565552,1000.0,1000.0,alternative,PD
480,11000.0,10000.0,10000.0,10000.0,1.26,1.0,0.0,-0.15,1.0,0.9612727165222168,1.0,0.9716363549232484,2750.0,2500.0,alternative,PD
481,3000.0,6000.0,3000.0,7000.0,1.01,1.0,0.0,-0.38,1.0,0.9858571290969848,1.0,0.9855714440345764,1500.0,1750.0,alternative,PD
482,10000.0,14000.0,3000.0,15000.0,2.52,1.0,0.0,-0.67,1.0,0.9904666543006896,1.0,0.9842000007629396,3500.0,3750.0,alternative,PD
483,5000.0,7000.0,3000.0,8000.0,2.67,1.0,0.0,-0.94,1.0,0.9866250157356262,1.0,0.9860000014305116,1750.0,2000.0,alternative,PD
484,3000.0,4000.0,3000.0,4000.0,1.29,1.0,0.0,-0.69,1.0,0.975499987602234,1.0,0.9757500290870668,1000.0,1000.0,alternative,PD
485,3000.0,2000.0,3000.0,3000.0,2.04,1.0,0.0,-0.68,1.0,0.9743333458900452,1.0,0.9496666789054872,750.0,750.0,alternative,PD
486,3000.0,3000.0,3000.0,3000.0,2.0,1.0,0.0,-0.28,1.0,0.9763333201408386,1.0,0.9486666917800904,750.0,750.0,alternative,PD
487,3000.0,1000.0,3000.0,3000.0,1.67,1.0,0.0,-0.37,1.0,0.9606666564941406,1.0,0.940666675567627,750.0,750.0,alternative,PD
488,6000.0,5000.0,3000.0,7000.0,1.5,1.0,0.0,-0.12,1.0,0.9867143034934998,1.0,0.9884285926818848,1500.0,1750.0,alternative,PD
489,3000.0,1000.0,3000.0,3000.0,1.22,1.0,0.0,-0.53,1.0,0.9703333377838136,1.0,0.972000002861023,750.0,750.0,alternative,PD
490,3000.0,1000.0,3000.0,1000.0,1.01,1.0,0.0,-0.88,1.0,0.9783333539962769,1.0,0.9696666598320008,750.0,750.0,alternative,PD
491,5000.0,4000.0,3000.0,6000.0,2.13,1.0,0.0,-0.29,1.0,0.984666645526886,1.0,0.9769999980926514,1250.0,1500.0,alternative,PD
492,13000.0,14000.0,6000.0,15000.0,2.1,1.0,0.0,-0.25,1.0,0.9908000230789183,1.0,0.9893333315849304,3500.0,3750.0,alternative,PD
493,4000.0,3000.0,3000.0,3000.0,1.84,1.0,0.0,-0.44,1.0,0.9304999709129332,1.0,0.9545000195503236,1000.0,750.0,alternative,PD
494,5000.0,7000.0,3000.0,6000.0,1.29,1.0,0.0,-0.24,1.0,0.9791428446769714,1.0,0.9731428623199464,1750.0,1500.0,alternative,PD
495,3000.0,1000.0,3000.0,3000.0,1.4,1.0,0.0,-0.51,1.0,0.975666642189026,1.0,0.9473333358764648,750.0,750.0,alternative,PD
496,5000.0,3000.0,3000.0,5000.0,2.02,1.0,0.0,-0.48,1.0,0.9805999994277954,1.0,0.9684000015258788,1250.0,1250.0,alternative,PD
497,3000.0,7000.0,3000.0,9000.0,2.39,1.0,0.0,-0.58,1.0,0.9872221946716307,1.0,0.9792222380638124,1750.0,2250.0,alternative,PD
498,4000.0,4000.0,3000.0,1000.0,2.72,1.0,0.0,-0.97,1.0,0.9262499809265136,1.0,0.9732499718666076,1000.0,750.0,alternative,PD
499,7000.0,8000.0,3000.0,8000.0,2.42,1.0,0.0,-0.89,1.0,0.9831249713897704,1.0,0.9757500290870668,2000.0,2000.0,alternative,PD
500,10839.0,10839.0,10839.0,10839.0,1.01,1.0,0.0,-0.63,1.0,0.9023895263671876,1.0,0.9043269753456116,920.0,920.0,episodic,PD
501,11830.0,10844.0,11830.0,10844.0,1.6,1.0,0.0,-0.06,0.0,0.2688926458358764,0.0,0.2672020196914673,970.0,970.0,episodic,PD
502,13811.0,14798.0,13811.0,14798.0,1.27,1.0,0.0,-0.28,0.0,0.6248141527175903,0.0,0.695769727230072,1190.0,1190.0,episodic,PD
503,9840.0,8856.0,11810.0,8856.0,1.62,1.0,0.0,-0.41,0.0,0.4823031425476074,0.0,0.4501270055770874,1040.0,1040.0,episodic,PD
504,9824.0,13760.0,9824.0,13760.0,2.65,1.0,0.0,-0.85,1.0,0.9229651093482972,1.0,0.9170058369636536,1250.0,1250.0,episodic,PD
505,10849.0,14774.0,12816.0,14774.0,1.32,1.0,0.0,-0.85,1.0,0.916677951812744,1.0,0.9195207953453064,1320.0,1320.0,episodic,PD
506,11825.0,13792.0,10835.0,12806.0,1.68,1.0,0.0,-0.94,1.0,0.9121229648590088,1.0,0.9108178615570068,1210.0,1210.0,episodic,PD
507,10840.0,9854.0,10840.0,10840.0,1.81,1.0,0.0,-0.14,0.0,0.2169741690158844,0.0,0.2164206653833389,940.0,940.0,episodic,PD
508,12802.0,9854.0,12802.0,12802.0,1.17,1.0,0.0,-0.4,1.0,0.8965005278587341,1.0,0.9047805070877076,1140.0,1140.0,episodic,PD
509,20690.0,19706.0,20690.0,19706.0,1.01,1.0,0.0,-0.3,0.0,0.810198187828064,0.0,0.6848235726356506,1740.0,1740.0,episodic,PD
510,10831.0,12808.0,12808.0,12808.0,1.44,1.0,0.0,-0.98,1.0,0.9098219871520996,1.0,0.9143503904342652,1090.0,1090.0,episodic,PD
511,10842.0,8869.0,10842.0,10842.0,1.01,1.0,0.0,-0.04,0.0,0.2363954931497573,0.0,0.2289245575666427,920.0,920.0,episodic,PD
512,10840.0,9852.0,10840.0,9852.0,2.07,1.0,0.0,-0.18,0.0,0.2309040576219558,0.0,0.2417896687984466,950.0,950.0,episodic,PD
513,11818.0,11818.0,10834.0,11818.0,2.4,1.0,0.0,-0.79,1.0,0.8954983949661255,1.0,0.8932137489318848,1030.0,1030.0,episodic,PD
514,12823.0,10852.0,10852.0,11839.0,2.08,1.0,0.0,-0.82,1.0,0.8965920805931091,1.0,0.8958901762962341,1070.0,1070.0,episodic,PD
515,10844.0,12807.0,11827.0,12807.0,2.55,1.0,0.0,-0.82,1.0,0.9112204313278198,1.0,0.9132505655288696,1120.0,1120.0,episodic,PD
516,12848.0,19742.0,11863.0,19742.0,2.32,1.0,0.0,-0.7,1.0,0.931263267993927,1.0,0.9316685199737548,1510.0,1510.0,episodic,PD
517,10830.0,10830.0,10830.0,11819.0,1.12,1.0,0.0,-0.48,1.0,0.902614414691925,1.0,0.9070987105369568,990.0,990.0,episodic,PD
518,19689.0,25592.0,24608.0,26574.0,2.37,1.0,0.0,-0.57,1.0,0.910965621471405,1.0,0.9222924709320068,2390.0,2390.0,episodic,PD
519,11832.0,10848.0,10848.0,10848.0,1.83,1.0,0.0,-0.71,1.0,0.8948614001274109,1.0,0.8950304388999939,980.0,980.0,episodic,PD
520,26587.0,25596.0,21656.0,25596.0,2.08,1.0,0.0,-0.39,1.0,0.8742618560791016,1.0,0.889382004737854,2360.0,2360.0,episodic,PD
521,10842.0,17723.0,11820.0,19688.0,2.64,1.0,0.0,-0.86,1.0,0.932903289794922,1.0,0.9299065470695496,1680.0,1680.0,episodic,PD
522,11831.0,9861.0,11831.0,11831.0,1.41,1.0,0.0,-0.71,1.0,0.910912036895752,1.0,0.9095596075057985,1030.0,1030.0,episodic,PD
523,10844.0,10844.0,10844.0,10844.0,1.01,1.0,0.0,-0.64,1.0,0.8972703814506531,1.0,0.8961637616157532,900.0,900.0,episodic,PD
524,10846.0,6897.0,10846.0,8870.0,1.2,1.0,0.0,-0.55,1.0,0.897658109664917,1.0,0.9012539386749268,910.0,910.0,episodic,PD
525,9845.0,14776.0,12804.0,14776.0,1.41,1.0,0.0,-0.22,0.0,0.1644558757543563,0.0,0.1641174852848053,1240.0,1240.0,episodic,PD
526,10842.0,10842.0,10842.0,10842.0,2.43,1.0,0.0,-0.8,1.0,0.8873823881149292,1.0,0.891625165939331,940.0,940.0,episodic,PD
527,16775.0,27617.0,24659.0,27617.0,2.25,1.0,0.0,-0.49,1.0,0.916826605796814,1.0,0.8911539912223816,2220.0,2220.0,episodic,PD
528,25637.0,28598.0,29585.0,28598.0,1.01,1.0,0.0,-0.41,1.0,0.9233057498931884,1.0,0.8624640703201294,2350.0,2350.0,episodic,PD
529,11820.0,13794.0,11820.0,13794.0,1.9,1.0,0.0,-0.95,1.0,0.916702926158905,1.0,0.9170653820037842,1180.0,1180.0,episodic,PD
530,28596.0,28596.0,29586.0,26622.0,1.47,1.0,0.0,-0.4,1.0,0.8464138507843018,1.0,0.9043466448783876,2380.0,2380.0,episodic,PD
531,10842.0,10842.0,9859.0,9859.0,1.26,1.0,0.0,-0.83,1.0,0.8961446285247803,1.0,0.8968824744224548,990.0,990.0,episodic,PD
532,11833.0,11833.0,11833.0,11833.0,1.06,1.0,0.0,-0.94,1.0,0.885743260383606,1.0,0.8865883350372314,940.0,940.0,episodic,PD
533,11827.0,9865.0,11827.0,11827.0,1.23,1.0,0.0,-0.06,0.0,0.2869704961776733,0.0,0.3167329132556915,970.0,970.0,episodic,PD
534,10842.0,9861.0,10842.0,9861.0,1.96,1.0,0.0,-0.04,0.0,0.2258808314800262,0.0,0.234735295176506,950.0,950.0,episodic,PD
535,10838.0,13808.0,10838.0,12813.0,1.26,1.0,0.0,-0.2,0.0,0.2062572389841079,0.0,0.192062571644783,1170.0,1170.0,episodic,PD
536,11810.0,12797.0,10828.0,13779.0,1.79,1.0,0.0,-0.7,1.0,0.9020974040031432,1.0,0.9000653028488159,1210.0,1210.0,episodic,PD
537,10844.0,10844.0,10844.0,10844.0,2.27,1.0,0.0,-0.9,1.0,0.8969937562942505,1.0,0.8962559700012207,910.0,910.0,episodic,PD
538,11818.0,10836.0,11818.0,11818.0,1.36,1.0,0.0,-0.32,0.0,0.2738195955753326,0.0,0.268150269985199,1070.0,1070.0,episodic,PD
539,27592.0,25620.0,24637.0,,2.5,1.0,0.0,-0.56,1.0,0.8950055837631226,1.0,0.9301390051841736,2440.0,2440.0,episodic,PD
540,12815.0,12815.0,11833.0,13801.0,2.79,1.0,0.0,-0.88,1.0,0.9249329566955566,1.0,0.9234113693237304,1140.0,1140.0,episodic,PD
541,15725.0,14752.0,13771.0,13771.0,1.24,1.0,0.0,-0.51,0.0,0.6529729962348938,0.0,0.5577106475830078,1420.0,1420.0,episodic,PD
542,9849.0,13800.0,10838.0,13800.0,1.88,1.0,0.0,-0.97,1.0,0.919565200805664,1.0,0.9198550581932068,1210.0,1210.0,episodic,PD
543,12826.0,11841.0,12826.0,11841.0,1.2,1.0,0.0,-0.1,0.0,0.6780757904052734,0.0,0.4315452873706817,1010.0,1010.0,episodic,PD
544,11845.0,12830.0,11845.0,13815.0,1.36,1.0,0.0,-0.74,1.0,0.8930148482322693,1.0,0.8929424285888672,1090.0,1090.0,episodic,PD
545,11827.0,11827.0,11827.0,11827.0,1.01,1.0,0.0,-0.34,0.0,0.3065020740032196,0.0,0.3105605840682983,990.0,990.0,episodic,PD
546,9850.0,7870.0,9850.0,8859.0,1.95,1.0,0.0,-0.69,1.0,0.8929949402809143,1.0,0.8947207927703857,890.0,890.0,episodic,PD
547,14759.0,15738.0,12800.0,15738.0,1.65,1.0,0.0,-0.49,0.0,0.6027449369430542,0.0,0.5618248581886292,1450.0,1450.0,episodic,PD
548,11821.0,7877.0,10841.0,12806.0,1.01,1.0,0.0,-0.46,0.0,0.1522723734378814,0.0,0.1558644324541092,1050.0,1050.0,episodic,PD
549,11847.0,10858.0,12832.0,12832.0,1.37,1.0,0.0,-0.82,1.0,0.9138092398643494,1.0,0.9126402735710144,1050.0,1050.0,episodic,PD
550,10848.0,10848.0,9864.0,10848.0,1.92,1.0,0.0,-0.04,0.0,0.2697271406650543,0.0,0.2240966111421585,950.0,950.0,episodic,PD
551,9849.0,12814.0,10840.0,13792.0,1.15,1.0,0.0,-0.23,0.0,0.1998259872198104,0.0,0.2233178615570068,1220.0,1220.0,episodic,PD
552,10838.0,8873.0,10838.0,7887.0,1.01,1.0,0.0,-0.07,0.0,0.1802915632724762,0.0,0.2040966898202896,940.0,940.0,episodic,PD
553,9846.0,7872.0,10825.0,6884.0,1.44,1.0,0.0,-0.11,0.0,0.1727482676506042,0.0,0.1672979146242141,970.0,970.0,episodic,PD
554,14775.0,22655.0,21663.0,21663.0,2.38,1.0,0.0,-0.41,1.0,0.8783050179481506,1.0,0.8625027537345886,1960.0,1960.0,episodic,PD
555,9842.0,9842.0,10833.0,11821.0,1.12,1.0,0.0,-0.09,0.0,0.2042128443717956,0.0,0.20928855240345,1050.0,1050.0,episodic,PD
556,11844.0,14795.0,12831.0,11844.0,2.21,1.0,0.0,-0.91,1.0,0.9150388836860656,1.0,0.9117269515991212,1260.0,1260.0,episodic,PD
557,10844.0,15769.0,11826.0,16754.0,2.33,1.0,0.0,-0.81,1.0,0.9316580891609192,1.0,0.9334487318992616,1410.0,1410.0,episodic,PD
558,10836.0,8867.0,9853.0,10836.0,1.32,1.0,0.0,-0.96,1.0,0.8977482318878174,1.0,0.8992248177528381,990.0,990.0,episodic,PD
559,10850.0,14790.0,11837.0,13809.0,2.16,1.0,0.0,-0.68,1.0,0.916227161884308,1.0,0.9151453971862792,1170.0,1170.0,episodic,PD
560,10828.0,10828.0,11819.0,9847.0,1.47,1.0,0.0,-0.62,1.0,0.9017683267593384,1.0,0.9087909460067748,1010.0,1010.0,episodic,PD
561,13815.0,17750.0,15784.0,16767.0,2.02,1.0,0.0,-0.73,1.0,0.9259154796600342,1.0,0.922760546207428,1410.0,1410.0,episodic,PD
562,12828.0,12828.0,11841.0,12828.0,1.67,1.0,0.0,-0.18,0.0,0.162535086274147,0.0,0.1707202941179275,1030.0,1030.0,episodic,PD
563,9850.0,10837.0,9850.0,10837.0,1.79,1.0,0.0,-0.65,1.0,0.8866844773292542,1.0,0.8933284282684326,980.0,980.0,episodic,PD
564,10824.0,9841.0,10824.0,9841.0,1.01,1.0,0.0,-0.72,1.0,0.8885809183120728,1.0,0.8883037567138672,1000.0,1000.0,episodic,PD
565,21684.0,27575.0,27575.0,27575.0,2.18,1.0,0.0,-0.46,1.0,0.9025204181671144,1.0,0.8904805183410645,2410.0,2410.0,episodic,PD
566,10829.0,8870.0,11818.0,10829.0,1.46,1.0,0.0,-0.86,1.0,0.9017600417137146,1.0,0.8996446132659912,980.0,980.0,episodic,PD
567,11842.0,15784.0,12828.0,14798.0,1.07,1.0,0.0,-0.21,0.0,0.2197795212268829,0.0,0.2235808372497558,1220.0,1220.0,episodic,PD
568,10834.0,6878.0,10834.0,6878.0,1.01,1.0,0.0,-0.93,1.0,0.9063134789466858,1.0,0.9087132811546326,950.0,950.0,episodic,PD
569,11830.0,14783.0,11830.0,14783.0,1.52,1.0,0.0,-0.02,0.0,0.1979300528764724,0.0,0.200771152973175,1230.0,1230.0,episodic,PD
570,10819.0,11810.0,9831.0,11810.0,1.77,1.0,0.0,-0.24,0.0,0.3381032943725586,0.0,0.431668072938919,1060.0,1060.0,episodic,PD
571,10834.0,12801.0,11823.0,12801.0,1.01,1.0,0.0,-0.8,1.0,0.916881501674652,1.0,0.9182094931602478,1100.0,1100.0,episodic,PD
572,13816.0,12835.0,12835.0,12835.0,1.92,1.0,0.0,-0.99,1.0,0.90684711933136,1.0,0.9064852595329284,1080.0,1080.0,episodic,PD
573,10836.0,10836.0,10836.0,11823.0,1.12,1.0,0.0,-0.19,0.0,0.371310144662857,0.0,0.3769770860671997,1020.0,1020.0,episodic,PD
574,16743.0,15763.0,16743.0,15763.0,1.76,1.0,0.0,-0.3,0.0,0.6528101563453674,0.0,0.765932023525238,1430.0,1430.0,episodic,PD
575,12823.0,10855.0,11840.0,11840.0,1.06,1.0,0.0,-0.28,0.0,0.2490836828947067,0.0,0.2529829144477844,1020.0,1020.0,episodic,PD
576,10835.0,16737.0,17725.0,17725.0,1.79,1.0,0.0,-0.24,1.0,0.9197179079055786,1.0,0.7146403193473816,1570.0,1570.0,episodic,PD
577,11837.0,17741.0,13798.0,17741.0,1.63,1.0,0.0,-0.93,1.0,0.9225522875785828,1.0,0.9184938669204712,1540.0,1540.0,episodic,PD
578,11825.0,10836.0,11825.0,11825.0,2.52,1.0,0.0,-0.65,1.0,0.8924313187599182,1.0,0.891585648059845,960.0,960.0,episodic,PD
579,13843.0,9871.0,12854.0,10870.0,1.09,1.0,0.0,-0.89,1.0,0.9055840373039246,1.0,0.9032723903656006,910.0,910.0,episodic,PD
580,11836.0,7889.0,11836.0,9855.0,1.26,1.0,0.0,-0.15,0.0,0.2584488093852997,0.0,0.2873437106609344,980.0,980.0,episodic,PD
581,10847.0,9860.0,10847.0,12817.0,1.01,1.0,0.0,-0.38,0.0,0.1604899764060974,0.0,0.1563548445701599,1080.0,1080.0,episodic,PD
582,10825.0,11807.0,10825.0,10825.0,2.52,1.0,0.0,-0.67,1.0,0.9079359769821168,1.0,0.905649185180664,1060.0,1060.0,episodic,PD
583,10816.0,15745.0,10816.0,15745.0,2.67,1.0,0.0,-0.94,1.0,0.941314697265625,1.0,0.940552532672882,1420.0,1420.0,episodic,PD
584,11795.0,11795.0,10815.0,12780.0,1.29,1.0,0.0,-0.69,1.0,0.9083724617958068,1.0,0.9149452447891236,1230.0,1230.0,episodic,PD
585,12806.0,15761.0,10840.0,14775.0,2.04,1.0,0.0,-0.68,0.0,0.3508660495281219,0.0,0.3492164313793182,1360.0,1360.0,episodic,PD
586,10833.0,9849.0,10833.0,10833.0,2.0,1.0,0.0,-0.28,0.0,0.2974245250225067,0.0,0.2971476018428802,940.0,940.0,episodic,PD
587,16719.0,27565.0,27565.0,27565.0,1.67,1.0,0.0,-0.37,1.0,0.9002720713615417,1.0,0.8273897767066956,2470.0,2470.0,episodic,PD
588,10857.0,8879.0,10857.0,8879.0,1.5,1.0,0.0,-0.12,0.0,0.3850971758365631,0.0,0.4821774065494537,880.0,880.0,episodic,PD
589,9843.0,11813.0,11813.0,12794.0,1.22,1.0,0.0,-0.53,0.0,0.2043145149946212,0.0,0.2049398124217987,1170.0,1170.0,episodic,PD
590,11815.0,14774.0,10829.0,14774.0,1.01,1.0,0.0,-0.88,1.0,0.9176255464553832,1.0,0.914647340774536,1300.0,1300.0,episodic,PD
591,11826.0,8878.0,10843.0,8878.0,2.13,1.0,0.0,-0.29,0.0,0.4141721725463867,0.0,0.4672755002975464,1060.0,1060.0,episodic,PD
592,10830.0,10830.0,9848.0,10830.0,2.1,1.0,0.0,-0.25,0.0,0.3707294464111328,0.0,0.370267778635025,980.0,980.0,episodic,PD
593,23644.0,22659.0,23644.0,21671.0,1.84,1.0,0.0,-0.44,1.0,0.908475697040558,1.0,0.8885975480079651,1960.0,1960.0,episodic,PD
594,11836.0,12825.0,11836.0,12825.0,1.29,1.0,0.0,-0.24,0.0,0.2984015643596649,0.0,0.2909941375255584,1000.0,1000.0,episodic,PD
595,10860.0,13823.0,12829.0,7898.0,1.4,1.0,0.0,-0.51,1.0,0.9006727933883667,1.0,0.8969109654426575,1080.0,1080.0,episodic,PD
596,11812.0,9855.0,10832.0,9855.0,2.02,1.0,0.0,-0.48,0.0,0.3436335921287536,0.0,0.3358449041843414,1030.0,1030.0,episodic,PD
597,24619.0,22654.0,14770.0,24619.0,2.39,1.0,0.0,-0.58,1.0,0.8677037954330444,1.0,0.9117754697799684,2140.0,2140.0,episodic,PD
598,11819.0,11819.0,11819.0,11819.0,2.72,1.0,0.0,-0.97,0.0,0.7182502746582031,0.0,0.7178272008895874,1000.0,1000.0,episodic,PD
599,12825.0,13813.0,10852.0,13813.0,2.42,1.0,0.0,-0.89,1.0,0.909143567085266,1.0,0.912111759185791,1070.0,1070.0,episodic,PD
600,10837.0,5921.0,9859.0,8882.0,1.0,1.34,0.0,-1.1,1.0,0.895173966884613,1.0,0.8931438326835632,950.0,950.0,episodic,SH
601,9852.0,8868.0,10840.0,9852.0,1.0,1.69,0.0,-0.1,0.0,0.11429889500141144,0.0,0.111623615026474,920.0,920.0,episodic,SH
602,9835.0,11807.0,8847.0,11807.0,1.0,2.29,0.0,-0.48,0.0,0.09367324411869049,0.0,0.09274159371852875,1090.0,1090.0,episodic,SH
603,11822.0,6900.0,10841.0,5920.0,1.0,3.46,0.0,-0.71,1.0,0.9070377349853516,1.0,0.8980714082717896,1040.0,1040.0,episodic,SH
604,10843.0,11828.0,11828.0,10843.0,1.0,3.58,0.0,-1.48,1.0,0.9022657871246338,1.0,0.8980385661125183,960.0,960.0,episodic,SH
605,9845.0,3932.0,9845.0,7877.0,1.0,1.03,0.0,-1.48,1.0,0.8837988972663879,1.0,0.8821737170219421,860.0,860.0,episodic,SH
606,10822.0,4924.0,9838.0,7876.0,1.0,2.54,0.0,-1.65,1.0,0.9012197256088257,1.0,0.8943818211555481,1010.0,1010.0,episodic,SH
607,10841.0,9859.0,9859.0,9859.0,1.0,2.26,0.0,-0.24,0.0,0.10690895467996597,0.0,0.10275804996490479,910.0,910.0,episodic,SH
608,12838.0,5942.0,11851.0,10864.0,1.0,1.67,0.0,-0.7,1.0,0.890792965888977,1.0,0.8877550959587097,980.0,980.0,episodic,SH
609,9865.0,9865.0,11829.0,10848.0,1.0,1.37,0.0,-0.52,0.0,0.17600812017917633,0.0,0.17752979695796967,1040.0,1040.0,episodic,SH
610,10843.0,11831.0,10843.0,11831.0,1.0,2.02,0.0,-1.71,1.0,0.8884286880493164,1.0,0.8795537352561951,940.0,940.0,episodic,SH
611,11836.0,11836.0,11836.0,12810.0,1.0,3.83,0.0,-0.06,0.0,0.09882903844118118,0.0,0.09430132806301117,1020.0,1020.0,episodic,SH
612,11819.0,10826.0,10826.0,11819.0,1.0,1.98,0.0,-0.3,0.0,0.10406971722841263,0.0,0.1039004996418953,990.0,990.0,episodic,SH
613,10856.0,7905.0,10856.0,7905.0,1.0,2.56,0.0,-1.38,1.0,0.8815401792526245,1.0,0.8768423199653625,830.0,830.0,episodic,SH
614,10847.0,7883.0,10847.0,4925.0,1.0,3.11,0.0,-1.43,1.0,0.8947174549102783,1.0,0.8984050750732422,910.0,910.0,episodic,SH
615,9862.0,10857.0,10857.0,9862.0,1.0,2.1,0.0,-1.43,1.0,0.892603874206543,1.0,0.8964723348617554,880.0,880.0,episodic,SH
616,10855.0,9872.0,11846.0,7897.0,1.0,3.92,0.0,-1.22,1.0,0.900979220867157,1.0,0.8990376591682434,920.0,920.0,episodic,SH
617,10831.0,11813.0,10831.0,12795.0,1.0,3.89,0.0,-0.84,1.0,0.9078546166419983,1.0,0.9033997654914856,1150.0,1150.0,episodic,SH
618,11855.0,14812.0,12836.0,14812.0,1.0,1.76,0.0,-1.0,1.0,0.9093977808952332,1.0,0.9104779958724976,1170.0,1170.0,episodic,SH
619,8852.0,5893.0,9839.0,5893.0,1.0,2.5,0.0,-1.24,1.0,0.9032421708106995,1.0,0.8972456455230713,940.0,940.0,episodic,SH
620,10840.0,5913.0,10840.0,8866.0,1.0,1.91,0.0,-0.69,1.0,0.8879151344299316,1.0,0.8930811882019043,910.0,910.0,episodic,SH
621,11827.0,11827.0,10843.0,12811.0,1.0,1.86,0.0,-1.51,1.0,0.9013347625732422,1.0,0.9082819223403931,1050.0,1050.0,episodic,SH
622,9861.0,11833.0,10849.0,12819.0,1.0,1.12,0.0,-1.24,1.0,0.9201965928077698,1.0,0.916140079498291,1040.0,1040.0,episodic,SH
623,11843.0,8879.0,10851.0,8879.0,1.0,2.83,0.0,-1.11,1.0,0.8952968120574951,1.0,0.8941146731376648,940.0,940.0,episodic,SH
624,10835.0,8862.0,9850.0,8862.0,1.0,2.51,0.0,-0.96,1.0,0.890263020992279,1.0,0.8887863159179688,940.0,940.0,episodic,SH
625,28550.0,,,28550.0,1.0,1.16,0.0,-0.38,1.0,0.8708192110061646,1.0,0.9050101637840271,2560.0,2560.0,episodic,SH
626,10825.0,9839.0,9839.0,8859.0,1.0,1.84,0.0,-1.4,1.0,0.8838798999786377,1.0,0.8818475604057312,970.0,970.0,episodic,SH
627,10824.0,7885.0,10824.0,6902.0,1.0,3.73,0.0,-0.86,1.0,0.8992054462432861,1.0,0.8978196382522583,1010.0,1010.0,episodic,SH
628,19716.0,23671.0,25636.0,23671.0,1.0,1.73,0.0,-0.72,1.0,0.9288110733032227,1.0,0.9235840439796448,2120.0,2120.0,episodic,SH
629,10841.0,9855.0,9855.0,7879.0,1.0,1.44,0.0,-1.67,1.0,0.8942902088165283,1.0,0.8989022970199585,990.0,990.0,episodic,SH
630,13808.0,13808.0,11837.0,13808.0,1.0,2.47,0.0,-0.69,0.0,0.17909906804561615,0.0,0.1698290854692459,1090.0,1090.0,episodic,SH
631,8853.0,7871.0,10828.0,7871.0,1.0,3.96,0.0,-1.45,1.0,0.9009974002838135,1.0,0.9043221473693848,970.0,970.0,episodic,SH
632,9849.0,9849.0,9849.0,10838.0,1.0,1.73,0.0,-1.64,1.0,0.9034877419471741,1.0,0.8977671265602112,970.0,970.0,episodic,SH
633,10843.0,13803.0,10843.0,13803.0,1.0,3.02,0.0,-0.1,0.0,0.08331522345542908,0.0,0.08222850412130356,1190.0,1190.0,episodic,SH
634,9860.0,14775.0,10838.0,14775.0,1.0,3.29,0.0,-0.07,0.0,0.08798646181821823,0.0,0.08724196255207062,1310.0,1310.0,episodic,SH
635,9833.0,9833.0,9833.0,9833.0,1.0,1.72,0.0,-0.34,0.0,0.11797010153532028,0.0,0.12234313040971756,880.0,880.0,episodic,SH
636,10846.0,9858.0,10846.0,10846.0,1.0,3.19,0.0,-1.22,1.0,0.8928637504577637,1.0,0.8923105001449585,910.0,910.0,episodic,SH
637,10843.0,11830.0,10843.0,8871.0,1.0,2.11,0.0,-1.58,1.0,0.8926458358764648,1.0,0.894505500793457,940.0,940.0,episodic,SH
638,10856.0,12828.0,10856.0,12828.0,1.0,2.9,0.0,-0.56,0.0,0.109292171895504,0.0,0.1044589951634407,1070.0,1070.0,episodic,SH
639,9850.0,6896.0,9850.0,4929.0,1.0,2.9,0.0,-0.98,1.0,0.8614213466644287,1.0,0.8735025525093079,860.0,860.0,episodic,SH
640,10840.0,11826.0,10840.0,11826.0,1.0,2.61,0.0,-1.54,1.0,0.9008963108062744,1.0,0.9048706293106079,990.0,990.0,episodic,SH
641,10837.0,7881.0,9853.0,5908.0,1.0,1.28,0.0,-0.89,1.0,0.8901910185813904,1.0,0.8845621347427368,990.0,990.0,episodic,SH
642,11851.0,11851.0,11851.0,12840.0,1.0,3.51,0.0,-1.69,1.0,0.9004672765731812,1.0,0.8991432785987854,950.0,950.0,episodic,SH
643,9836.0,9836.0,9836.0,9836.0,1.0,1.97,0.0,-0.17,0.0,0.1143757626414299,0.0,0.11427409201860428,860.0,860.0,episodic,SH
644,10839.0,6915.0,9858.0,8872.0,1.0,1.57,0.0,-1.3,1.0,0.8949165344238281,1.0,0.8908571004867554,940.0,940.0,episodic,SH
645,10847.0,9859.0,11834.0,8873.0,1.0,1.13,0.0,-0.6,1.0,0.88118976354599,1.0,0.8840628862380981,930.0,930.0,episodic,SH
646,10837.0,8875.0,9859.0,8875.0,1.0,2.78,0.0,-1.21,1.0,0.8943434357643127,1.0,0.8968349099159241,970.0,970.0,episodic,SH
647,9850.0,9850.0,10838.0,9850.0,1.0,3.04,0.0,-0.85,1.0,0.9079166054725647,1.0,0.9057944416999817,980.0,980.0,episodic,SH
648,9832.0,8848.0,9832.0,8848.0,1.0,1.06,0.0,-0.8,1.0,0.8970707654953003,1.0,0.887713611125946,940.0,940.0,episodic,SH
649,11854.0,13827.0,12841.0,8891.0,1.0,2.54,0.0,-1.43,1.0,0.9075721502304077,1.0,0.9122007489204407,1030.0,1030.0,episodic,SH
650,10849.0,11838.0,11838.0,8874.0,1.0,1.69,0.0,-0.06,0.0,0.10339584201574326,0.0,0.10086163133382797,970.0,970.0,episodic,SH
651,10835.0,10835.0,9851.0,10835.0,1.0,2.94,0.0,-0.4,0.0,0.09718504548072815,0.0,0.09736963361501694,940.0,940.0,episodic,SH
652,11816.0,9859.0,9859.0,12799.0,1.0,1.53,0.0,-0.12,0.0,0.09406984597444534,0.0,0.09258535504341125,1160.0,1160.0,episodic,SH
653,10841.0,10841.0,10841.0,10841.0,1.0,3.08,0.0,-0.19,0.0,0.11963841319084167,0.0,0.11880822479724884,960.0,960.0,episodic,SH
654,11826.0,6905.0,10848.0,6905.0,1.0,2.17,0.0,-0.71,1.0,0.9047015309333801,1.0,0.9030948877334595,950.0,950.0,episodic,SH
655,8855.0,10834.0,9839.0,10834.0,1.0,3.81,0.0,-0.15,0.0,0.09396345168352127,0.0,0.0946095660328865,1020.0,1020.0,episodic,SH
656,11821.0,6901.0,9865.0,8873.0,1.0,1.42,0.0,-1.6,1.0,0.8996700644493103,1.0,0.9006006121635437,1010.0,1010.0,episodic,SH
657,10855.0,7895.0,11837.0,7895.0,1.0,2.03,0.0,-1.41,1.0,0.8893300890922546,1.0,0.8848525881767273,950.0,950.0,episodic,SH
658,9848.0,9848.0,9848.0,10831.0,1.0,1.35,0.0,-1.67,1.0,0.9021327495574951,1.0,0.9058258533477783,990.0,990.0,episodic,SH
659,10832.0,8861.0,10832.0,7877.0,1.0,3.77,0.0,-1.18,1.0,0.8894941210746765,1.0,0.8911558389663696,960.0,960.0,episodic,SH
660,10831.0,10831.0,9843.0,10831.0,1.0,3.63,0.0,-1.07,0.0,0.15547963976860046,0.0,0.15603360533714294,950.0,950.0,episodic,SH
661,10849.0,7892.0,11833.0,7892.0,1.0,1.78,0.0,-1.28,1.0,0.9079692363739014,1.0,0.9132088422775269,960.0,960.0,episodic,SH
662,11839.0,10852.0,11839.0,11839.0,1.0,2.98,0.0,-0.31,0.0,0.10617450624704361,0.0,0.10634344071149826,950.0,950.0,episodic,SH
663,11831.0,10845.0,11831.0,10845.0,1.0,3.45,0.0,-1.13,1.0,0.9011072516441345,1.0,0.9014453291893005,990.0,990.0,episodic,SH
664,10839.0,8876.0,11822.0,8876.0,1.0,2.67,0.0,-1.26,1.0,0.8932498693466187,1.0,0.8933344483375549,1030.0,1030.0,episodic,SH
665,10861.0,10861.0,12831.0,11843.0,1.0,2.59,0.0,-0.81,0.0,0.23326319456100464,0.0,0.23910841345787048,980.0,980.0,episodic,SH
666,11845.0,12832.0,12832.0,11845.0,1.0,1.73,0.0,-1.5,1.0,0.9037562608718872,1.0,0.9005610942840576,950.0,950.0,episodic,SH
667,11847.0,11847.0,10858.0,10858.0,1.0,1.29,0.0,-0.35,0.0,0.1408795416355133,0.0,0.13885371387004852,900.0,900.0,episodic,SH
668,10863.0,7899.0,11843.0,10863.0,1.0,3.69,0.0,-1.62,1.0,0.9014607667922974,1.0,0.9017140865325928,940.0,940.0,episodic,SH
669,9859.0,10847.0,9859.0,7883.0,1.0,3.7,0.0,-0.03,0.0,0.10998433083295822,0.0,0.10168710350990295,950.0,950.0,episodic,SH
670,8857.0,9837.0,9837.0,10825.0,1.0,2.9,0.0,-0.41,0.0,0.09533487260341644,0.0,0.09829099476337433,1040.0,1040.0,episodic,SH
671,11840.0,11840.0,10855.0,11840.0,1.0,2.02,0.0,-1.4,1.0,0.8896114826202393,1.0,0.8917229771614075,970.0,970.0,episodic,SH
672,10835.0,15760.0,10835.0,12808.0,1.0,2.05,0.0,-1.74,1.0,0.9232867956161499,1.0,0.9246827363967896,1340.0,1340.0,episodic,SH
673,10833.0,11815.0,10833.0,11815.0,1.0,3.18,0.0,-0.33,0.0,0.10207363218069077,0.0,0.1008886992931366,1040.0,1040.0,episodic,SH
674,10842.0,8868.0,10842.0,9857.0,1.0,3.69,0.0,-0.52,1.0,0.8739162683486938,1.0,0.8769599795341492,910.0,910.0,episodic,SH
675,11840.0,16761.0,12829.0,16761.0,1.0,3.66,0.0,-0.48,0.0,0.08191635459661484,0.0,0.08603305369615555,1370.0,1370.0,episodic,SH
676,9804.0,9804.0,8825.0,9804.0,1.0,3.34,0.0,-0.41,0.0,0.0989392101764679,0.0,0.10373316705226898,1000.0,1000.0,episodic,SH
677,10832.0,8865.0,9850.0,7884.0,1.0,2.93,0.0,-1.62,1.0,0.9024187326431274,1.0,0.8994645476341248,960.0,960.0,episodic,SH
678,10830.0,8861.0,10830.0,8861.0,1.0,1.26,0.0,-1.13,1.0,0.9015697240829468,1.0,0.896306574344635,960.0,960.0,episodic,SH
679,11831.0,12818.0,10839.0,12818.0,1.0,1.49,0.0,-1.55,1.0,0.9166016578674316,1.0,0.9147292971611023,1040.0,1040.0,episodic,SH
680,9836.0,12797.0,9836.0,12797.0,1.0,3.7,0.0,-0.25,0.0,0.09095881879329681,0.0,0.09463155269622803,1140.0,1140.0,episodic,SH
681,9850.0,9850.0,9850.0,9850.0,1.0,2.82,0.0,-0.67,0.0,0.1353299468755722,0.0,0.13015228509902954,860.0,860.0,episodic,SH
682,10845.0,8880.0,10845.0,7894.0,1.0,1.04,0.0,-1.17,1.0,0.870908260345459,1.0,0.8799446821212769,910.0,910.0,episodic,SH
683,9869.0,7890.0,11839.0,7890.0,1.0,1.31,0.0,-1.64,1.0,0.8943322896957397,1.0,0.8896021842956543,980.0,980.0,episodic,SH
684,11834.0,4938.0,12816.0,8881.0,1.0,2.99,0.0,-1.21,1.0,0.9026997685432434,1.0,0.9055087566375732,1060.0,1060.0,episodic,SH
685,10831.0,5898.0,9844.0,5898.0,1.0,1.03,0.0,-1.18,1.0,0.9085956811904907,1.0,0.908872663974762,990.0,990.0,episodic,SH
686,26574.0,,,,1.0,1.49,0.0,-0.48,1.0,0.8778191804885864,1.0,0.882458508014679,2570.0,2570.0,episodic,SH
687,10848.0,10848.0,10848.0,9858.0,1.0,2.65,0.0,-0.64,0.0,0.1615966111421585,0.0,0.15431416034698486,890.0,890.0,episodic,SH
688,9856.0,10839.0,10839.0,8872.0,1.0,3.08,0.0,-0.21,0.0,0.11209521442651749,0.0,0.11606236547231674,950.0,950.0,episodic,SH
689,9842.0,8859.0,9842.0,8859.0,1.0,2.96,0.0,-0.93,1.0,0.8802073001861572,1.0,0.8714691996574402,870.0,870.0,episodic,SH
690,10842.0,10842.0,9852.0,9852.0,1.0,1.68,0.0,-1.54,1.0,0.8845231533050537,1.0,0.8907028436660767,930.0,930.0,episodic,SH
691,9866.0,10857.0,10857.0,10857.0,1.0,3.14,0.0,-0.51,0.0,0.11688311398029327,0.0,0.11669890582561493,890.0,890.0,episodic,SH
692,9855.0,10845.0,10845.0,9855.0,1.0,1.72,0.0,-0.43,0.0,0.1155371144413948,0.0,0.1158137395977974,930.0,930.0,episodic,SH
693,10849.0,9862.0,10849.0,9862.0,1.0,1.98,0.0,-0.77,1.0,0.8763941526412964,1.0,0.8715088963508606,880.0,880.0,episodic,SH
694,11853.0,11853.0,11853.0,12842.0,1.0,3.24,0.0,-0.41,0.0,0.10932876169681549,0.0,0.1154804527759552,970.0,970.0,episodic,SH
695,9852.0,9852.0,9852.0,9852.0,1.0,2.95,0.0,-0.89,1.0,0.8740357160568237,1.0,0.8794153332710266,840.0,840.0,episodic,SH
696,9858.0,7888.0,10842.0,6905.0,1.0,3.55,0.0,-0.84,1.0,0.9017708897590637,1.0,0.8860911130905151,950.0,950.0,episodic,SH
697,9859.0,9859.0,10845.0,9859.0,1.0,2.98,0.0,-1.01,1.0,0.8813278079032898,1.0,0.8766251802444458,880.0,880.0,episodic,SH
698,11847.0,12834.0,10863.0,10863.0,1.0,2.71,0.0,-1.71,1.0,0.9066541790962219,1.0,0.9032257795333862,1000.0,1000.0,episodic,SH
699,10847.0,5918.0,10847.0,10847.0,1.0,1.29,0.0,-1.56,1.0,0.8804277777671814,1.0,0.8738821744918823,900.0,900.0,episodic,SH
700,10845.0,7883.0,10845.0,8872.0,1.0,2.11,0.0,-1.7,1.0,0.8948824405670166,1.0,0.8910096883773804,920.0,920.0,episodic,SH
701,11819.0,12808.0,11819.0,9851.0,1.0,1.8,0.0,-0.64,0.0,0.11071205139160156,0.0,0.11125858873128891,1010.0,1010.0,episodic,SH
702,10835.0,7882.0,10835.0,6899.0,1.0,1.74,0.0,-1.2,1.0,0.8937702178955078,1.0,0.8938624858856201,960.0,960.0,episodic,SH
703,9851.0,6903.0,10839.0,7883.0,1.0,3.92,0.0,-0.87,1.0,0.8899344801902771,1.0,0.8921487331390381,920.0,920.0,episodic,SH
704,9849.0,10829.0,10829.0,8862.0,1.0,2.19,0.0,-0.17,0.0,0.11626189202070236,0.0,0.11829347163438797,950.0,950.0,episodic,SH
705,8850.0,11814.0,9840.0,6887.0,1.0,3.68,0.0,-1.32,1.0,0.9010496139526367,1.0,0.9058743715286255,1110.0,1110.0,episodic,SH
706,9821.0,8832.0,9821.0,6877.0,1.0,2.9,0.0,-1.04,1.0,0.8852459192276001,1.0,0.8866714239120483,930.0,930.0,episodic,SH
707,10834.0,10834.0,10834.0,10834.0,1.0,3.39,0.0,-0.44,0.0,0.09968617558479309,0.0,0.10439357906579971,970.0,970.0,episodic,SH
708,9835.0,6893.0,9835.0,6893.0,1.0,2.51,0.0,-1.35,1.0,0.8964921236038208,1.0,0.8918149471282959,930.0,930.0,episodic,SH
709,10836.0,11814.0,10836.0,8874.0,1.0,2.73,0.0,-1.62,1.0,0.9024039506912231,1.0,0.904774010181427,1010.0,1010.0,episodic,SH
710,10857.0,9873.0,11835.0,11835.0,1.0,2.48,0.0,-1.25,1.0,0.9046894907951355,1.0,0.9016476273536682,980.0,980.0,episodic,SH
711,9845.0,7875.0,10824.0,8857.0,1.0,1.59,0.0,-1.47,1.0,0.9052106142044067,1.0,0.9063193202018738,980.0,980.0,episodic,SH
712,9841.0,10824.0,10824.0,10824.0,1.0,3.17,0.0,-0.13,0.0,0.10753880441188812,0.0,0.1096637099981308,980.0,980.0,episodic,SH
713,11819.0,9859.0,10845.0,9859.0,1.0,1.85,0.0,-0.34,0.0,0.10508503019809723,0.0,0.10787715017795563,1060.0,1060.0,episodic,SH
714,9846.0,6896.0,10827.0,5916.0,1.0,1.08,0.0,-0.65,1.0,0.8845478892326355,1.0,0.8821464776992798,950.0,950.0,episodic,SH
715,10826.0,10826.0,10826.0,9846.0,1.0,2.94,0.0,-0.23,0.0,0.11019767075777054,0.0,0.12035840004682541,1010.0,1010.0,episodic,SH
716,10835.0,10835.0,10835.0,9854.0,1.0,1.54,0.0,-0.35,0.0,0.13354869186878204,0.0,0.1248730942606926,930.0,930.0,episodic,SH
717,9855.0,6893.0,9855.0,7879.0,1.0,3.82,0.0,-1.43,1.0,0.8924403786659241,1.0,0.8871638774871826,900.0,900.0,episodic,SH
718,11839.0,14799.0,10855.0,15789.0,1.0,3.86,0.0,-0.2,0.0,0.08860599249601364,0.0,0.08651592582464218,1250.0,1250.0,episodic,SH
719,10855.0,7899.0,10855.0,10855.0,1.0,3.75,0.0,-0.81,1.0,0.8573007583618164,1.0,0.8664209842681885,850.0,850.0,episodic,SH
720,11858.0,12842.0,11858.0,10867.0,1.0,2.12,0.0,-0.35,0.0,0.09702538698911667,0.0,0.09741473197937012,980.0,980.0,episodic,SH
721,9826.0,7861.0,9826.0,7861.0,1.0,1.06,0.0,-0.19,0.0,0.3479543924331665,0.0,0.33747202157974243,880.0,880.0,episodic,SH
722,10835.0,7879.0,9848.0,5915.0,1.0,3.79,0.0,-1.2,1.0,0.8962621092796326,1.0,0.8937702178955078,930.0,930.0,episodic,SH
