agent1_strategy,agent1_reward,agent2_strategy,agent2_reward,agent3_strategy,agent3_reward,temptation,reward,punishment,sucker,agent1_final_strategy,agent1_defection_ratio,agent1_updating_times,agent2_final_strategy,agent2_defection_ratio,agent2_updating_times,agent3_final_strategy,agent3_defection_ratio,agent3_updating_times,model,matching
3376.0,2040.0,3298.0,3298.0,3350.0,668.0,1.01,1.0,0.0,-0.63,1,0.9576421976089478,3366,1,0.962098240852356,3293,1,0.9585074782371521,3341,normal,random
2670.0,1996.0,2679.0,2035.0,2669.0,2669.0,1.01,1.0,0.0,-0.63,1,0.949438214302063,2665,1,0.9533408284187317,2673,1,0.9550393223762512,2662,normal,random
,,,,,,2.01,1.0,0.0,-0.06,1,0.7447050213813782,33468,1,0.6155296564102173,33402,0,0.5956361889839172,33130,normal,random
3976.0,6651.0,3983.0,3311.0,6063.0,6728.0,2.03,1.0,0.0,-0.28,1,0.971733570098877,6642,1,0.9772761464118958,6637,1,0.9753270149230957,6721,normal,random
3357.0,1990.0,4059.0,688.0,3277.0,1984.0,1.15,1.0,0.0,-0.41,1,0.9630086421966553,4050,1,0.9539295434951782,4049,1,0.9629155993461609,3901,normal,random
2689.0,2005.0,2651.0,1987.0,2678.0,2026.0,1.18,1.0,0.0,-0.85,1,0.9639270901679993,2682,1,0.9569973349571228,2646,1,0.9559372663497925,2672,normal,random
2634.0,2634.0,2685.0,2000.0,2705.0,2027.0,1.18,1.0,0.0,-0.85,1,0.9605163335800171,2624,1,0.9530726075172424,2677,1,0.9545286297798157,2699,normal,random
2635.0,672.0,2704.0,2704.0,2685.0,2685.0,1.45,1.0,0.0,-0.94,1,0.951423168182373,2627,1,0.9619082808494568,2698,1,0.9530726075172424,2675,normal,random
4707.0,4707.0,5283.0,3308.0,5350.0,6009.0,1.5,1.0,0.0,-0.14,1,0.9567870497703552,6057,1,0.9465186595916748,5941,1,0.9565651416778564,6002,normal,random
3355.0,681.0,3287.0,3287.0,3376.0,2723.0,1.49,1.0,0.0,-0.4,1,0.9576750993728638,3349,1,0.9586248993873596,3281,1,0.9656398296356201,3370,normal,random
3357.0,2674.0,4652.0,2656.0,4035.0,2688.0,1.24,1.0,0.0,-0.3,1,0.9282039999961853,4660,1,0.9591573476791382,4646,1,0.9340425729751587,4694,normal,random
12033.0,6702.0,11375.0,9364.0,10586.0,10586.0,1.01,1.0,0.0,-0.63,1,0.8921299576759338,920,1,0.897571861743927,930,1,0.8924316167831421,910,episodic_random,random
13997.0,32713.0,33327.0,,21329.0,,2.01,1.0,0.0,-0.06,1,0.907398521900177,2500,0,0.17151258885860443,2500,0,0.16461165249347687,2490,episodic_random,random
13313.0,,,,22648.0,33311.0,2.03,1.0,0.0,-0.28,1,0.924345850944519,2380,0,0.33928731083869934,2390,0,0.23748911917209625,2380,episodic_random,random
23282.0,33352.0,,33232.0,,33434.0,1.15,1.0,0.0,-0.41,1,0.9489685893058777,2620,1,0.8900758028030396,2590,1,0.8972004652023315,2640,episodic_random,random
13432.0,22738.0,23867.0,22564.0,20044.0,22716.0,1.18,1.0,0.0,-0.85,1,0.9286396503448486,1680,1,0.897641122341156,1730,1,0.9075427651405334,1700,episodic_random,random
11982.0,13337.0,13348.0,12057.0,13339.0,12674.0,1.18,1.0,0.0,-0.85,1,0.8997525572776794,980,1,0.8923434019088745,940,1,0.8929454684257507,930,episodic_random,random
12716.0,14720.0,13332.0,10024.0,13292.0,13953.0,1.45,1.0,0.0,-0.94,1,0.920448362827301,1120,1,0.9202454090118408,1130,1,0.9172819256782532,1070,episodic_random,random
11393.0,10045.0,12617.0,16517.0,11326.0,16737.0,1.5,1.0,0.0,-0.14,1,0.9118945598602295,1220,0,0.21450626850128174,1190,0,0.2185576856136322,1270,episodic_random,random
,31917.0,,,16637.0,,1.49,1.0,0.0,-0.4,0,0.5429121255874634,2490,0,0.6309751868247986,2550,1,0.9176203012466431,2520,episodic_random,random
,,30033.0,,33305.0,33305.0,1.24,1.0,0.0,-0.3,0,0.34643447399139404,2370,1,0.9250912666320801,2320,0,0.29343941807746887,2380,episodic_random,random
7263.0,5921.0,7318.0,6671.0,7233.0,6573.0,1.01,1.0,0.0,-0.63,1,0.9089908003807068,1010,1,0.898059606552124,1030,1,0.9007327556610107,1020,episodic_sequence,random
29756.0,,,,29044.0,,2.01,1.0,0.0,-0.06,1,0.8851091861724854,4370,1,0.8549447059631348,4430,1,0.7750182151794434,4320,episodic_sequence,random
,,,,,,2.03,1.0,0.0,-0.28,1,0.8392732739448547,4510,1,0.9062358140945435,4470,1,0.905773401260376,4440,episodic_sequence,random
7868.0,7204.0,7966.0,7966.0,7952.0,7295.0,1.15,1.0,0.0,-0.41,0,0.5564311146736145,1070,0,0.5603816509246826,1070,0,0.5785965919494629,1040,episodic_sequence,random
7230.0,9238.0,7924.0,9243.0,9247.0,3319.0,1.18,1.0,0.0,-0.85,1,0.9197878241539001,1310,1,0.9217786192893982,1290,1,0.9218124747276306,1320,episodic_sequence,random
7248.0,9226.0,7282.0,9272.0,7914.0,6620.0,1.18,1.0,0.0,-0.85,1,0.8886841535568237,1250,1,0.9226704239845276,1220,1,0.9144465923309326,1230,episodic_sequence,random
8651.0,7969.0,8568.0,9200.0,7897.0,9238.0,1.45,1.0,0.0,-0.94,1,0.9175623655319214,1270,1,0.9177173972129822,1260,1,0.9122104644775391,1250,episodic_sequence,random
,,31000.0,,13901.0,30482.0,1.5,1.0,0.0,-0.14,0,0.1465258151292801,4460,0,0.14549198746681213,4440,1,0.9394598603248596,4420,episodic_sequence,random
7248.0,5307.0,7214.0,6533.0,6647.0,5337.0,1.49,1.0,0.0,-0.4,1,0.9032836556434631,1010,1,0.9076794981956482,1020,1,0.8882063627243042,1030,episodic_sequence,random
8506.0,18461.0,8577.0,17770.0,10600.0,7984.0,1.24,1.0,0.0,-0.3,0,0.29212936758995056,2460,0,0.2982179820537567,2480,1,0.9362906217575073,2560,episodic_sequence,random
7945.0,4678.0,7897.0,5889.0,7948.0,5980.0,1.01,1.0,0.0,-0.63,1,0.896664559841156,1080,1,0.8983157873153687,1080,1,0.9077755212783813,1100,episodic_maxmin,random
9950.0,9282.0,9162.0,8505.0,9272.0,8615.0,2.01,1.0,0.0,-0.06,0,0.48030149936676025,1420,0,0.4325505793094635,1410,0,0.6003430485725403,1470,episodic_maxmin,random
14483.0,16430.0,13187.0,15819.0,16633.0,13262.0,2.03,1.0,0.0,-0.28,1,0.8852099776268005,2210,1,0.9034273624420166,2230,1,0.905428946018219,2200,episodic_maxmin,random
8617.0,7260.0,9966.0,9305.0,7872.0,5908.0,1.15,1.0,0.0,-0.41,1,0.902953565120697,1270,1,0.9177202582359314,1310,1,0.8968464136123657,1260,episodic_maxmin,random
8541.0,7220.0,8013.0,8669.0,8560.0,8560.0,1.18,1.0,0.0,-0.85,1,0.8984896540641785,1080,1,0.9049486517906189,1100,1,0.8903037309646606,1060,episodic_maxmin,random
8654.0,6706.0,7835.0,7835.0,7931.0,7262.0,1.18,1.0,0.0,-0.85,1,0.9073261022567749,1150,1,0.9050811529159546,1140,1,0.9133519530296326,1150,episodic_maxmin,random
7184.0,7184.0,8001.0,6044.0,7931.0,7249.0,1.45,1.0,0.0,-0.94,1,0.9063536524772644,1110,1,0.9052618145942688,1060,1,0.9002647995948792,1090,episodic_maxmin,random
21581.0,21581.0,22526.0,21210.0,21906.0,21239.0,1.5,1.0,0.0,-0.14,1,0.8177567720413208,2990,1,0.8760543465614319,3050,1,0.8589147329330444,3000,episodic_maxmin,random
7914.0,6607.0,7926.0,9242.0,8546.0,7914.0,1.49,1.0,0.0,-0.4,1,0.911318302154541,1280,1,0.9220947623252869,1260,1,0.9206590056419373,1300,episodic_maxmin,random
7852.0,6534.0,7313.0,7313.0,7974.0,5324.0,1.24,1.0,0.0,-0.3,1,0.8816862106323242,1050,1,0.8880653381347656,1100,1,0.877602219581604,1070,episodic_maxmin,random
3275.0,650.0,2704.0,2018.0,2701.0,697.0,1.01,1.0,0.0,-0.63,1,0.9642748236656189,3270,1,0.966411292552948,3388,1,0.9662585854530334,3342,normal,learner
,,,,,,2.01,1.0,0.0,-0.06,1,0.7213939428329468,33397,1,0.7702601552009583,33323,0,0.815663754940033,33280,normal,learner
5972.0,3359.0,4686.0,6728.0,4016.0,5329.0,2.03,1.0,0.0,-0.28,1,0.9599276781082153,6632,1,0.967003583908081,6722,1,0.959861695766449,6646,normal,learner
3362.0,1354.0,3323.0,3323.0,3339.0,4016.0,1.15,1.0,0.0,-0.41,1,0.9651654362678528,4014,1,0.9661569595336914,3978,1,0.961155354976654,4008,normal,learner
3320.0,1990.0,2714.0,2714.0,2637.0,1326.0,1.18,1.0,0.0,-0.85,1,0.9659638404846191,3313,1,0.9614129066467285,3363,1,0.9642535448074341,3324,normal,learner
2631.0,5360.0,2713.0,4659.0,4010.0,2680.0,1.18,1.0,0.0,-0.85,1,0.97947758436203,5353,1,0.9776861071586609,5321,1,0.9741137027740479,5326,normal,learner
2719.0,4760.0,2623.0,3281.0,2676.0,2676.0,1.45,1.0,0.0,-0.94,1,0.9754201769828796,4754,1,0.9716528654098511,4581,1,0.976883590221405,4665,normal,learner
,,,,,,1.5,1.0,0.0,-0.14,0,0.5674828886985779,33195,0,0.6822647452354431,33482,1,0.7453945279121399,33323,normal,learner
3998.0,6673.0,5998.0,4633.0,6029.0,3377.0,1.49,1.0,0.0,-0.4,1,0.9709275960922241,6668,1,0.9634183049201965,6662,1,0.9657236933708191,6670,normal,learner
4649.0,3291.0,4698.0,4698.0,4013.0,4671.0,1.24,1.0,0.0,-0.3,1,0.934609591960907,4644,1,0.9497658610343933,4693,1,0.9297794699668884,4663,normal,learner
8520.0,4295.0,9436.0,6132.0,8988.0,11775.0,1.01,1.0,0.0,-0.63,1,0.8862676024436951,1040,1,0.8959516286849976,1210,1,0.9189406633377075,1470,episodic_sequence,learner
,16899.0,9830.0,,,32177.0,2.01,1.0,0.0,-0.06,1,0.5540404319763184,1880,1,0.9655051231384277,4780,1,0.5245751738548279,3060,episodic_sequence,learner
10137.0,17681.0,37408.0,38392.0,10379.0,28151.0,2.03,1.0,0.0,-0.28,1,0.9423813223838806,1930,1,0.2013961225748062,3830,0,0.10927140712738037,2760,episodic_sequence,learner
8208.0,12136.0,8392.0,7114.0,9495.0,4132.0,1.15,1.0,0.0,-0.41,1,0.9433361887931824,1620,1,0.9111058115959167,940,1,0.9160522818565369,1080,episodic_sequence,learner
7218.0,13173.0,8575.0,8575.0,11203.0,11873.0,1.18,1.0,0.0,-0.85,1,0.9423821568489075,1680,1,0.9261954426765442,1350,1,0.9377579092979431,1530,episodic_sequence,learner
9393.0,12264.0,8824.0,6471.0,9483.0,14578.0,1.18,1.0,0.0,-0.85,1,0.9077788591384888,1240,1,0.8953989148139954,990,1,0.9338729381561279,1650,episodic_sequence,learner
9258.0,10797.0,9177.0,6886.0,9035.0,15464.0,1.45,1.0,0.0,-0.94,1,0.9129387736320496,1150,1,0.9032878279685974,1110,1,0.937990128993988,1780,episodic_sequence,learner
7609.0,8288.0,17395.0,19374.0,8356.0,10355.0,1.5,1.0,0.0,-0.14,1,0.8828923106193542,1000,0,0.07711365818977356,2010,0,0.1078244298696518,1330,episodic_sequence,learner
,,,,,,1.49,1.0,0.0,-0.4,1,0.9521112442016602,4640,1,0.8621786236763,1820,1,0.9285561442375183,3080,episodic_sequence,learner
17304.0,16630.0,8660.0,7959.0,23254.0,23254.0,1.24,1.0,0.0,-0.3,0,0.778837263584137,1620,0,0.31586870551109314,1120,0,0.4174264669418335,2420,episodic_sequence,learner
7629.0,7629.0,10691.0,5342.0,8126.0,6454.0,1.01,1.0,0.0,-0.63,1,0.9431114792823792,1650,1,0.9243432283401489,1230,1,0.9037656784057617,1020,episodic_maxmin,learner
,,,46910.0,,31762.0,2.01,1.0,0.0,-0.06,1,0.7618741393089294,2000,0,0.668197751045227,4800,1,0.46959418058395386,3160,episodic_maxmin,learner
21354.0,16427.0,10582.0,12278.0,14604.0,15930.0,2.03,1.0,0.0,-0.28,1,0.9308326244354248,2170,1,0.903567373752594,1400,1,0.8547394871711731,1570,episodic_maxmin,learner
8289.0,7629.0,11480.0,10813.0,9929.0,9266.0,1.15,1.0,0.0,-0.41,0,0.657618522644043,1000,0,0.75,1390,0,0.69362473487854,1190,episodic_maxmin,learner
9466.0,7748.0,9127.0,11097.0,14168.0,9240.0,1.18,1.0,0.0,-0.85,1,0.9040777683258057,1030,1,0.9436237215995789,1480,1,0.9458540678024292,1650,episodic_maxmin,learner
10541.0,7911.0,8935.0,5835.0,15218.0,16922.0,1.18,1.0,0.0,-0.85,1,0.9201622605323792,1310,1,0.8883044123649597,890,1,0.9392507076263428,1700,episodic_maxmin,learner
17590.0,11676.0,9502.0,9502.0,8876.0,10196.0,1.45,1.0,0.0,-0.94,1,0.9491756558418274,1880,1,0.903423011302948,1000,1,0.9133974313735962,1080,episodic_maxmin,learner
16530.0,14559.0,13705.0,16991.0,13998.0,15997.0,1.5,1.0,0.0,-0.14,1,0.8644887804985046,2170,1,0.8373845219612122,2160,1,0.8550353050231934,2030,episodic_maxmin,learner
10205.0,20421.0,10664.0,8992.0,15463.0,14133.0,1.49,1.0,0.0,-0.4,1,0.9551973938941956,2120,1,0.900693953037262,1060,1,0.9432839751243591,1560,episodic_maxmin,learner
8838.0,13753.0,9678.0,5730.0,8300.0,7291.0,1.24,1.0,0.0,-0.3,1,0.9398835897445679,1770,1,0.9165593385696411,1110,1,0.8810843229293823,800,episodic_maxmin,learner
3339.0,688.0,2670.0,1993.0,2659.0,1332.0,1.01,1.0,0.0,-0.63,1,0.9619646668434143,3334,1,0.9640503525733948,3332,1,0.9652798771858215,3334,normal,random
,,,,,,1.6,1.0,0.0,-0.06,1,0.7121508717536926,33185,1,0.7812032103538513,33401,1,0.8906142711639404,33414,normal,random
4016.0,2005.0,3316.0,1997.0,4711.0,2016.0,1.27,1.0,0.0,-0.28,1,0.966495931148529,4679,1,0.9636442065238953,4616,1,0.9630651473999023,4705,normal,random
4037.0,3378.0,3261.0,3261.0,3379.0,3379.0,1.62,1.0,0.0,-0.41,1,0.96333909034729,4031,1,0.9658487439155579,3947,1,0.9652432799339294,4022,normal,random
2703.0,15289.0,2671.0,15401.0,13981.0,13309.0,2.65,1.0,0.0,-0.85,1,0.9890117049217224,15284,1,0.9895461201667786,15393,1,0.9880610704421997,15323,normal,random
2664.0,3319.0,2691.0,3354.0,3345.0,3345.0,1.32,1.0,0.0,-0.85,1,0.964145839214325,3314,1,0.9648181200027466,3348,1,0.9623318314552307,3338,normal,random
2707.0,702.0,2635.0,1947.0,2682.0,3353.0,1.68,1.0,0.0,-0.94,1,0.9607205986976624,3377,1,0.9652968049049377,3276,1,0.9636147022247314,3347,normal,random
4626.0,5278.0,6703.0,4680.0,4712.0,4712.0,1.81,1.0,0.0,-0.14,1,0.9647983312606812,6613,1,0.9471878409385681,6697,1,0.9422042965888977,6690,normal,random
3334.0,1981.0,3347.0,2670.0,3343.0,2038.0,1.17,1.0,0.0,-0.4,1,0.9475104808807373,3328,1,0.9575739502906799,3337,1,0.9590188264846802,3335,normal,random
3316.0,3316.0,3328.0,2004.0,4032.0,2030.0,1.01,1.0,0.0,-0.3,1,0.953657329082489,3985,1,0.9545000195503235,3991,1,0.9563491940498352,4024,normal,random
2675.0,657.0,2663.0,2011.0,2686.0,691.0,1.44,1.0,0.0,-0.98,1,0.9558878540992737,2669,1,0.9605708122253418,2655,1,0.956440806388855,2676,normal,random
,33464.0,,,,33261.0,1.01,1.0,0.0,-0.04,0,0.09472866356372833,33454,0,0.12366737425327301,33292,0,0.0788009986281395,33254,normal,random
,,,,,,2.07,1.0,0.0,-0.18,1,0.8286579251289368,33361,1,0.8382825255393982,33298,1,0.8093981742858887,33341,normal,random
2635.0,4667.0,4037.0,4685.0,2691.0,4004.0,2.4,1.0,0.0,-0.79,1,0.9736447334289551,4662,1,0.9724653363227844,4679,1,0.9721388816833496,4659,normal,random
2669.0,4012.0,2712.0,2712.0,2637.0,3944.0,2.08,1.0,0.0,-0.82,1,0.9698404669761658,4006,1,0.9748892188072205,4056,1,0.9652636647224426,3938,normal,random
5246.0,4605.0,2744.0,5413.0,4690.0,6042.0,2.55,1.0,0.0,-0.82,1,0.9766812920570374,5911,1,0.9780672788619995,6055,1,0.9735187292098999,6034,normal,random
4034.0,2702.0,2628.0,3264.0,2688.0,2021.0,2.32,1.0,0.0,-0.7,1,0.9702528715133667,4028,1,0.9713851809501648,3944,1,0.9705080389976501,4028,normal,random
3318.0,2006.0,3975.0,3975.0,4068.0,1357.0,1.12,1.0,0.0,-0.48,1,0.9650314450263977,3970,1,0.9657861590385437,3970,1,0.9616519212722778,4060,normal,random
3332.0,5324.0,3390.0,5420.0,2658.0,5274.0,2.37,1.0,0.0,-0.57,1,0.9770848751068115,5319,1,0.9769372940063477,5415,1,0.9749715328216553,5266,normal,random
2695.0,2004.0,2657.0,684.0,4015.0,3348.0,1.83,1.0,0.0,-0.71,1,0.9667658805847168,4025,1,0.9671102166175842,3971,1,0.9683685898780823,4004,normal,random
3332.0,2000.0,4703.0,4041.0,4012.0,2690.0,2.08,1.0,0.0,-0.39,1,0.9448869824409485,4639,1,0.9585371017456055,4696,1,0.946252703666687,4665,normal,random
2690.0,7356.0,2677.0,6650.0,3995.0,8035.0,2.64,1.0,0.0,-0.86,1,0.9812095761299133,8030,1,0.9812649488449097,7947,1,0.9819539785385132,8023,normal,random
2662.0,3331.0,2679.0,673.0,2677.0,2017.0,1.41,1.0,0.0,-0.71,1,0.9621735215187073,3325,1,0.9701937437057495,3349,1,0.9654861688613892,3326,normal,random
3337.0,1996.0,2649.0,2005.0,3359.0,2017.0,1.01,1.0,0.0,-0.64,1,0.9496553540229797,3330,1,0.9629741311073303,3317,1,0.9541530013084412,3353,normal,random
2649.0,2649.0,3311.0,2645.0,2724.0,2724.0,1.2,1.0,0.0,-0.55,1,0.9639830589294434,3299,1,0.9619450569152832,3306,1,0.9638554453849792,3395,normal,random
3988.0,6045.0,4718.0,2723.0,3306.0,2639.0,1.41,1.0,0.0,-0.22,1,0.9626137018203735,6040,1,0.9538410305976868,5996,1,0.9624916315078735,5964,normal,random
5998.0,8647.0,2717.0,7386.0,5985.0,7974.0,2.43,1.0,0.0,-0.8,1,0.9814964532852173,8638,1,0.9828316569328308,8731,1,0.9836805462837219,8631,normal,random
4783.0,6765.0,6583.0,6583.0,2640.0,6005.0,2.25,1.0,0.0,-0.49,1,0.9796009063720703,6757,1,0.9758468866348267,6578,1,0.9766116738319397,6665,normal,random
3377.0,1997.0,3944.0,2006.0,3347.0,687.0,1.01,1.0,0.0,-0.41,1,0.9539068341255188,4050,1,0.9462474584579468,3939,1,0.9624097347259521,4011,normal,random
2610.0,2610.0,2698.0,1373.0,2710.0,2040.0,1.9,1.0,0.0,-0.95,1,0.9544061422348022,2605,1,0.9562638998031616,2693,1,0.9564575552940369,2702,normal,random
4065.0,6774.0,4664.0,5957.0,3317.0,5973.0,1.47,1.0,0.0,-0.4,1,0.9738706946372986,6768,1,0.9745367169380188,6630,1,0.9736881852149963,6602,normal,random
2676.0,683.0,2635.0,1982.0,2707.0,682.0,1.26,1.0,0.0,-0.83,1,0.9607623219490051,2670,1,0.9571157693862915,2629,1,0.9615811109542847,2701,normal,random
2661.0,669.0,2637.0,660.0,2720.0,689.0,1.06,1.0,0.0,-0.94,1,0.9575347900390625,2656,1,0.958285927772522,2631,1,0.958088219165802,2713,normal,random
,,,,,,1.23,1.0,0.0,-0.06,0,0.7512738704681396,33751,0,0.5754722952842712,33133,0,0.5774664878845215,33116,normal,random
,,,,,,1.96,1.0,0.0,-0.04,1,0.8107712864875793,33509,1,0.675370454788208,33199,1,0.8242289423942566,33292,normal,random
5311.0,2040.0,5999.0,4011.0,5380.0,3340.0,1.26,1.0,0.0,-0.2,1,0.955228865146637,5978,1,0.9574928879737854,5988,1,0.9640669226646423,6034,normal,random
4602.0,3950.0,4034.0,4696.0,2683.0,2024.0,1.79,1.0,0.0,-0.7,1,0.9730551838874817,4597,1,0.9672061204910278,4689,1,0.9786016941070557,4714,normal,random
2659.0,3306.0,4089.0,2718.0,3312.0,3312.0,2.27,1.0,0.0,-0.9,1,0.9686789512634277,3954,1,0.9691855907440186,4083,1,0.9682619571685791,3963,normal,random
3331.0,4663.0,4627.0,1990.0,6738.0,2026.0,1.36,1.0,0.0,-0.32,1,0.9730751514434814,6605,1,0.9701604247093201,6664,1,0.9764025211334229,6731,normal,random
7968.0,15265.0,15308.0,15308.0,8039.0,15445.0,2.5,1.0,0.0,-0.56,1,0.9871601462364197,15260,1,0.9853671193122864,15302,1,0.9864681363105774,15438,normal,random
2636.0,2636.0,2709.0,2005.0,2673.0,2017.0,2.79,1.0,0.0,-0.88,1,0.9601669311523438,2630,1,0.9557031989097595,2703,1,0.9622147679328918,2667,normal,random
3368.0,692.0,3333.0,2002.0,3323.0,1977.0,1.24,1.0,0.0,-0.51,1,0.9530878663063049,3359,1,0.9441944360733032,3327,1,0.9521516561508179,3314,normal,random
2626.0,1971.0,3297.0,667.0,2753.0,2064.0,1.88,1.0,0.0,-0.97,1,0.9622871279716492,3282,1,0.9614801406860352,3288,1,0.9653969407081604,3430,normal,random
,,,,,,1.2,1.0,0.0,-0.1,1,0.21324649453163147,33462,0,0.17508074641227722,33431,0,0.1646987795829773,33107,normal,random
2727.0,3387.0,2662.0,661.0,2641.0,1984.0,1.36,1.0,0.0,-0.74,1,0.9633894562721252,3375,1,0.9614003300666809,3330,1,0.9618297219276428,3295,normal,random
5345.0,6027.0,4683.0,1988.0,4000.0,2028.0,1.01,1.0,0.0,-0.34,1,0.9711298942565918,6019,1,0.960950493812561,6013,1,0.9683893918991089,5968,normal,random
3317.0,2649.0,2694.0,3367.0,3334.0,2675.0,1.95,1.0,0.0,-0.69,1,0.9665360450744629,3309,1,0.9643599390983582,3362,1,0.9601079821586609,3329,normal,random
3345.0,6672.0,6006.0,8026.0,3327.0,7352.0,1.65,1.0,0.0,-0.49,1,0.9799624085426331,7977,1,0.9775728583335876,8020,1,0.9771621227264404,8003,normal,random
2704.0,4700.0,3966.0,685.0,3330.0,4698.0,1.01,1.0,0.0,-0.46,1,0.9729787111282349,4695,1,0.9673160314559937,4612,1,0.9682843685150146,4693,normal,random
2641.0,2641.0,2687.0,676.0,2696.0,2696.0,1.37,1.0,0.0,-0.82,1,0.9575918316841125,2633,1,0.9635280966758728,2676,1,0.9543768763542175,2691,normal,random
,,,,,,1.92,1.0,0.0,-0.04,0,0.5873677134513855,33353,1,0.7340348958969116,33255,1,0.7622383832931519,33392,normal,random
5338.0,5991.0,8047.0,4690.0,6640.0,2638.0,1.15,1.0,0.0,-0.23,1,0.9619225859642029,8004,1,0.9571268558502197,8041,1,0.967466413974762,7955,normal,random
2662.0,1979.0,2696.0,2696.0,2666.0,2022.0,1.01,1.0,0.0,-0.07,0,0.04395191743969917,2656,0,0.04562314599752426,2685,0,0.05176294222474098,2659,normal,random
,,,,,,1.44,1.0,0.0,-0.11,1,0.666596531867981,33263,1,0.7628924250602722,33502,1,0.7172467708587646,33235,normal,random
3992.0,5994.0,3993.0,5290.0,8054.0,6059.0,2.38,1.0,0.0,-0.41,1,0.9708604216575623,7991,1,0.9738956093788147,7962,1,0.9692078232765198,8047,normal,random
,,,,,,1.12,1.0,0.0,-0.09,0,0.3363390564918518,33264,0,0.3131253123283386,33575,0,0.34380465745925903,33161,normal,random
2646.0,1989.0,2666.0,2022.0,2706.0,2007.0,2.21,1.0,0.0,-0.91,1,0.9561602473258972,2640,1,0.9546136260032654,2659,1,0.9556540846824646,2701,normal,random
2738.0,4058.0,2670.0,2004.0,3290.0,1955.0,2.33,1.0,0.0,-0.81,1,0.9704287648200989,4049,1,0.970403790473938,3977,1,0.9721035361289978,3974,normal,random
2686.0,3324.0,2671.0,2002.0,2661.0,1336.0,1.32,1.0,0.0,-0.96,1,0.966305673122406,3318,1,0.9623318314552307,3338,1,0.9650642275810242,3344,normal,random
2649.0,3985.0,3344.0,2664.0,2705.0,3358.0,2.16,1.0,0.0,-0.68,1,0.9701380133628845,3977,1,0.9564999938011169,3995,1,0.9665261507034302,4028,normal,random
24061.0,23388.0,23385.0,22710.0,24585.0,22568.0,1.47,1.0,0.0,-0.62,1,0.6953023672103882,24731,1,0.6807709336280823,24689,1,0.6685377359390259,24580,normal,random
2657.0,3313.0,2740.0,2062.0,2627.0,3316.0,2.02,1.0,0.0,-0.73,1,0.9692121744155884,3307,1,0.9622974991798401,3387,1,0.9632086753845215,3306,normal,random
,,,,,,1.67,1.0,0.0,-0.18,1,0.7995937466621399,33471,1,0.7942245006561279,33029,1,0.8819877505302429,33500,normal,random
4645.0,6615.0,5352.0,8048.0,5377.0,7355.0,1.79,1.0,0.0,-0.65,1,0.9792687296867371,7948,1,0.9799950122833252,8043,1,0.9781714081764221,8009,normal,random
4003.0,2686.0,4019.0,2648.0,4002.0,4002.0,1.01,1.0,0.0,-0.72,0,0.2035973072052002,3994,0,0.32396119832992554,4010,0,0.22238880395889282,3996,normal,random
3406.0,2076.0,3338.0,3338.0,3280.0,1978.0,2.18,1.0,0.0,-0.46,1,0.9568408727645874,3397,1,0.9463750720024109,3331,1,0.949999988079071,3272,normal,random
2712.0,2712.0,2667.0,2667.0,3311.0,1995.0,1.46,1.0,0.0,-0.86,1,0.9602628946304321,3341,1,0.9708333611488342,3355,1,0.9607369303703308,3304,normal,random
4696.0,4051.0,4709.0,4709.0,4613.0,3951.0,1.07,1.0,0.0,-0.21,0,0.3119676411151886,4690,0,0.45317476987838745,4702,0,0.29525256156921387,4608,normal,random
2740.0,2740.0,2615.0,1961.0,2663.0,2004.0,1.01,1.0,0.0,-0.93,1,0.9580292105674744,2735,1,0.9621415138244629,2608,1,0.9571911096572876,2657,normal,random
,,,,,,1.52,1.0,0.0,-0.02,1,0.5538018941879272,33385,1,0.6108354926109314,33253,0,0.48211073875427246,33362,normal,random
8681.0,8011.0,4708.0,6100.0,3941.0,7932.0,1.77,1.0,0.0,-0.24,1,0.9794954657554626,8675,1,0.9712945818901062,8737,1,0.9748632311820984,8588,normal,random
3339.0,673.0,3379.0,4052.0,2644.0,3969.0,1.01,1.0,0.0,-0.8,1,0.9657242894172668,3991,1,0.9674234986305237,4046,1,0.9685059189796448,3963,normal,random
3295.0,1316.0,2708.0,2708.0,2691.0,2031.0,1.92,1.0,0.0,-0.99,1,0.9654021263122559,3287,1,0.9671935439109802,3347,1,0.9650474190711975,3366,normal,random
4583.0,2638.0,4800.0,4800.0,3983.0,3983.0,1.12,1.0,0.0,-0.19,1,0.9258127808570862,4577,1,0.9395833611488342,4794,1,0.9365695714950562,4629,normal,random
3401.0,4075.0,3980.0,3329.0,3288.0,2632.0,1.76,1.0,0.0,-0.3,1,0.9391410946846008,4068,1,0.9246231317520142,3974,1,0.9323744773864746,3958,normal,random
3957.0,2613.0,3346.0,3346.0,4045.0,2060.0,1.06,1.0,0.0,-0.28,1,0.9550164341926575,3950,1,0.9432271122932434,4010,1,0.9327564835548401,4040,normal,random
6007.0,6007.0,3960.0,5293.0,4030.0,5378.0,1.79,1.0,0.0,-0.24,1,0.9565507173538208,6000,1,0.9533478617668152,5954,1,0.956708550453186,6046,normal,random
2670.0,2007.0,2707.0,2018.0,2647.0,1999.0,1.63,1.0,0.0,-0.93,1,0.9501872658729553,2661,1,0.9637975692749023,2697,1,0.9554212093353271,2642,normal,random
2694.0,3348.0,3399.0,3399.0,3271.0,1976.0,2.52,1.0,0.0,-0.65,1,0.9623655676841736,3343,1,0.9620476365089417,3394,1,0.960256814956665,3263,normal,random
2602.0,1309.0,2710.0,1351.0,2706.0,2037.0,1.09,1.0,0.0,-0.89,1,0.9577248096466064,2596,1,0.9590405821800232,2704,1,0.958610475063324,2700,normal,random
6073.0,6735.0,4650.0,3292.0,3996.0,6660.0,1.26,1.0,0.0,-0.15,1,0.9440237283706665,6727,1,0.9565151929855347,6618,1,0.9597597718238831,6655,normal,random
2706.0,2030.0,3342.0,2002.0,3303.0,1986.0,1.01,1.0,0.0,-0.38,1,0.9611621499061584,3367,1,0.9533213376998901,3335,1,0.9588252902030945,3298,normal,random
2688.0,6685.0,5287.0,5287.0,2689.0,6031.0,2.52,1.0,0.0,-0.67,1,0.9805534482002258,6679,1,0.9759200215339661,6598,1,0.9771173596382141,6723,normal,random
7980.0,10712.0,2704.0,9893.0,9413.0,10087.0,2.67,1.0,0.0,-0.94,1,0.9845033884048462,10707,1,0.9867599606513977,10567,1,0.9827618598937988,10726,normal,random
5311.0,3988.0,3323.0,4647.0,2711.0,4735.0,1.29,1.0,0.0,-0.69,1,0.9726981520652771,5304,1,0.9772428274154663,5312,1,0.9738404154777527,5384,normal,random
2686.0,2016.0,2677.0,2677.0,3322.0,3322.0,2.04,1.0,0.0,-0.68,1,0.9671445488929749,3343,1,0.9596773982048035,3342,1,0.9620710611343384,3315,normal,random
4642.0,5301.0,4704.0,6697.0,4672.0,6006.0,2.0,1.0,0.0,-0.28,1,0.9715668559074402,6607,1,0.9726743102073669,6690,1,0.9765986204147339,6703,normal,random
3374.0,3374.0,3995.0,3311.0,3333.0,2000.0,1.67,1.0,0.0,-0.37,1,0.9595131874084473,4019,1,0.9571964740753174,3990,1,0.9519639611244202,3991,normal,random
,,,,,,1.5,1.0,0.0,-0.12,1,0.7947577238082886,33263,1,0.6899477243423462,33469,1,0.8199248909950256,33268,normal,random
2649.0,2649.0,5397.0,2045.0,2673.0,3350.0,1.22,1.0,0.0,-0.53,1,0.9750614166259766,5287,1,0.9738743901252747,5392,1,0.975412905216217,5321,normal,random
2670.0,681.0,2683.0,684.0,2671.0,1998.0,1.01,1.0,0.0,-0.88,1,0.9580524563789368,2665,1,0.9563921093940735,2673,1,0.9614376425743103,2662,normal,random
4030.0,6009.0,4718.0,3384.0,5276.0,5934.0,2.13,1.0,0.0,-0.29,1,0.9702113270759583,6003,1,0.9667489528656006,6069,1,0.9646106958389282,5928,normal,random
4637.0,6616.0,3939.0,7278.0,4784.0,6130.0,2.1,1.0,0.0,-0.25,1,0.9640941023826599,7262,1,0.9756801128387451,7272,1,0.963860273361206,7466,normal,random
3373.0,2022.0,4682.0,3331.0,2633.0,4653.0,1.84,1.0,0.0,-0.44,1,0.970531702041626,4678,1,0.9626228213310242,4677,1,0.9705566167831421,4645,normal,random
4037.0,2713.0,4004.0,3329.0,3977.0,3324.0,1.29,1.0,0.0,-0.24,1,0.9378251433372498,4032,1,0.9475524425506592,3998,1,0.9303495287895203,3970,normal,random
3394.0,2710.0,3273.0,663.0,3351.0,3351.0,1.4,1.0,0.0,-0.51,1,0.9614024758338928,3386,1,0.954475998878479,3268,1,0.9606087803840637,3346,normal,random
3271.0,2619.0,3349.0,1994.0,3398.0,3398.0,2.02,1.0,0.0,-0.48,1,0.9510852694511414,3265,1,0.9578979015350342,3344,1,0.9570335745811462,3391,normal,random
3328.0,2009.0,2663.0,1308.0,2680.0,4005.0,2.39,1.0,0.0,-0.58,1,0.9680079817771912,3996,1,0.9723743200302124,4008,1,0.969038724899292,3996,normal,random
9402.0,6730.0,7396.0,9414.0,2643.0,9904.0,2.72,1.0,0.0,-0.97,1,0.9850776195526123,10047,1,0.9796262979507446,10056,1,0.9845516681671143,9897,normal,random
2653.0,2653.0,2636.0,3275.0,4058.0,4058.0,2.42,1.0,0.0,-0.89,1,0.9649386405944824,3987,1,0.9677338004112244,3962,1,0.9679645299911499,4051,normal,random
15316.0,15976.0,13362.0,13362.0,14021.0,16000.0,1.01,1.0,0.0,-0.63,1,0.8944666981697083,1070,1,0.90372633934021,1050,1,0.9010000228881836,1080,episodic_random,random
,33134.0,33284.0,,,,1.6,1.0,0.0,-0.06,0,0.09950503706932068,2470,1,0.9196010231971741,2480,0,0.13759447634220123,2500,episodic_random,random
14001.0,,,,,33367.0,1.27,1.0,0.0,-0.28,1,0.9229639768600464,2430,0,0.33266231417655945,2430,0,0.293583482503891,2440,episodic_random,random
,,12035.0,,,,1.62,1.0,0.0,-0.41,0,0.42081841826438904,2450,1,0.9475291967391968,2380,0,0.3425634503364563,2410,episodic_random,random
26660.0,,32651.0,32651.0,21951.0,,2.65,1.0,0.0,-0.85,1,0.9317806363105774,2480,1,0.9169317483901978,2450,1,0.9339184761047363,2470,episodic_random,random
12117.0,12117.0,12548.0,12548.0,12681.0,10693.0,1.32,1.0,0.0,-0.85,1,0.8931894302368164,920,1,0.8892253637313843,900,1,0.9003233313560486,960,episodic_random,random
12668.0,12009.0,13364.0,9368.0,12003.0,8610.0,1.68,1.0,0.0,-0.94,1,0.8976531624794006,970,1,0.9085603356361389,960,1,0.9015987515449524,1000,episodic_random,random
11367.0,12016.0,11329.0,11329.0,10681.0,10681.0,1.81,1.0,0.0,-0.14,0,0.30434420704841614,980,0,0.3689781725406647,960,0,0.3727726936340332,990,episodic_random,random
16022.0,15365.0,16088.0,15403.0,15914.0,15256.0,1.17,1.0,0.0,-0.4,0,0.6658344864845276,1170,0,0.7244530320167542,1230,0,0.7243307828903198,1170,episodic_random,random
,,,,27253.0,,1.01,1.0,0.0,-0.3,1,0.8392717838287354,2590,1,0.9072999954223633,2640,1,0.8061347007751465,2610,episodic_random,random
13881.0,11892.0,12853.0,12198.0,12628.0,14674.0,1.44,1.0,0.0,-0.98,1,0.899181604385376,980,1,0.9053953886032104,970,1,0.905751645565033,970,episodic_random,random
12601.0,13917.0,12750.0,10794.0,13339.0,14014.0,1.01,1.0,0.0,-0.04,0,0.14608033001422882,1040,1,0.8736252188682556,1020,0,0.15434566140174866,1060,episodic_random,random
12647.0,11288.0,12682.0,9391.0,12689.0,10006.0,2.07,1.0,0.0,-0.18,0,0.2581639885902405,1000,0,0.2622614800930023,930,0,0.2525021731853485,990,episodic_random,random
12001.0,17237.0,12072.0,16829.0,17279.0,17279.0,2.4,1.0,0.0,-0.79,1,0.9285258650779724,1370,1,0.9226945638656616,1400,1,0.9047977328300476,1380,episodic_random,random
,,27333.0,,,,2.08,1.0,0.0,-0.82,1,0.9249895215034485,2570,1,0.934553325176239,2520,1,0.9290103912353516,2590,episodic_random,random
13300.0,17981.0,13411.0,15416.0,12648.0,13961.0,2.55,1.0,0.0,-0.82,1,0.9214726686477661,1280,1,0.9219716787338257,1220,1,0.9211567640304565,1280,episodic_random,random
11405.0,15358.0,12743.0,14740.0,11908.0,13914.0,2.32,1.0,0.0,-0.7,1,0.9033728241920471,1130,1,0.904987633228302,1100,1,0.9017167091369629,1090,episodic_random,random
32840.0,,,32528.0,,32656.0,1.12,1.0,0.0,-0.48,0,0.41230034828186035,2420,0,0.37619736790657043,2370,0,0.8910623788833618,2380,episodic_random,random
,,30655.0,33383.0,20661.0,33260.0,2.37,1.0,0.0,-0.57,1,0.9231760501861572,2380,1,0.8935386538505554,2340,1,0.9184907078742981,2320,episodic_random,random
13457.0,13457.0,11980.0,12680.0,13877.0,11928.0,1.83,1.0,0.0,-0.71,1,0.9049577713012695,1040,1,0.9031476974487305,1090,1,0.8977444767951965,1040,episodic_random,random
23249.0,,,,28070.0,,2.08,1.0,0.0,-0.39,0,0.3054669201374054,2550,0,0.4406079947948456,2510,1,0.9490382671356201,2550,episodic_random,random
12642.0,10612.0,13359.0,9322.0,11384.0,12047.0,2.64,1.0,0.0,-0.86,1,0.8999322056770325,1060,1,0.9009656310081482,1070,1,0.9023022651672363,1080,episodic_random,random
12738.0,10075.0,12549.0,10556.0,11399.0,11399.0,1.41,1.0,0.0,-0.71,1,0.8875019550323486,910,1,0.8925811052322388,930,1,0.8906605839729309,910,episodic_random,random
13402.0,10706.0,12661.0,6746.0,12631.0,7261.0,1.01,1.0,0.0,-0.64,1,0.8784509897232056,1000,1,0.88893061876297,980,1,0.8870434165000916,1000,episodic_random,random
,,,,,,1.2,1.0,0.0,-0.55,1,0.9358905553817749,2450,0,0.44536930322647095,2390,0,0.5928802490234375,2450,episodic_random,random
19215.0,,,,,,1.41,1.0,0.0,-0.22,1,0.929613471031189,2550,0,0.24711254239082336,2550,0,0.26695120334625244,2520,episodic_random,random
12629.0,13941.0,13322.0,11362.0,12057.0,12750.0,2.43,1.0,0.0,-0.8,1,0.9010831117630005,1020,1,0.893074095249176,1010,1,0.8926340937614441,1030,episodic_random,random
31853.0,33156.0,23530.0,31634.0,21883.0,33212.0,2.25,1.0,0.0,-0.49,1,0.8793883323669434,2400,1,0.9578008651733398,2410,1,0.9346019625663757,2430,episodic_random,random
,,16653.0,,,,1.01,1.0,0.0,-0.41,0,0.5566558837890625,2440,1,0.9470974206924438,2510,0,0.47531047463417053,2480,episodic_random,random
15905.0,14561.0,13380.0,14042.0,14089.0,16719.0,1.9,1.0,0.0,-0.95,1,0.9089812636375427,1150,1,0.9098086357116699,1160,1,0.9081284999847412,1180,episodic_random,random
29874.0,,32659.0,,,,1.47,1.0,0.0,-0.4,1,0.9517716765403748,2350,0,0.5860838890075684,2380,0,0.6414304375648499,2400,episodic_random,random
12767.0,10093.0,11335.0,10003.0,11911.0,8597.0,1.26,1.0,0.0,-0.83,1,0.8954335451126099,950,1,0.898500382900238,990,1,0.9018828868865967,1000,episodic_random,random
12692.0,12692.0,12020.0,6692.0,12664.0,6693.0,1.06,1.0,0.0,-0.94,1,0.892845869064331,980,1,0.901753306388855,950,1,0.894819974899292,930,episodic_random,random
28836.0,,,,31935.0,,1.23,1.0,0.0,-0.06,0,0.13299743831157684,2500,0,0.13256023824214935,2420,1,0.890070915222168,2420,episodic_random,random
11345.0,12674.0,12681.0,14018.0,12663.0,13994.0,1.96,1.0,0.0,-0.04,0,0.21105240285396576,1060,0,0.18989869952201843,1050,0,0.17786194384098053,1020,episodic_random,random
25903.0,,,,,33427.0,1.26,1.0,0.0,-0.2,1,0.932780921459198,2460,0,0.09982576221227646,2420,0,0.3125018775463104,2470,episodic_random,random
16030.0,16695.0,13251.0,17211.0,12710.0,16092.0,1.79,1.0,0.0,-0.7,1,0.9098441004753113,1170,1,0.9170297980308533,1150,1,0.9212670922279358,1180,episodic_random,random
13330.0,14648.0,12733.0,14048.0,13303.0,13994.0,2.27,1.0,0.0,-0.9,1,0.8943883180618286,1030,1,0.8929056525230408,1050,1,0.8918384313583374,1020,episodic_random,random
14019.0,13339.0,13981.0,13322.0,14024.0,13363.0,1.36,1.0,0.0,-0.32,0,0.7619659304618835,1060,0,0.764108419418335,1040,0,0.6981602907180786,1090,episodic_random,random
32853.0,33523.0,,33182.0,31340.0,33313.0,2.5,1.0,0.0,-0.56,1,0.93204665184021,2630,1,0.9253209829330444,2560,1,0.9006693959236145,2530,episodic_random,random
14092.0,15425.0,14020.0,14667.0,14597.0,15266.0,2.79,1.0,0.0,-0.88,1,0.899773120880127,1040,1,0.8979325890541077,1060,1,0.905083179473877,1070,episodic_random,random
23955.0,23294.0,15306.0,21363.0,13399.0,24096.0,1.24,1.0,0.0,-0.51,1,0.8459611535072327,1680,1,0.8990530967712402,1740,1,0.9090720415115356,1700,episodic_random,random
11428.0,12738.0,11193.0,11193.0,12058.0,10753.0,1.88,1.0,0.0,-0.97,1,0.883969247341156,960,1,0.8908554315567017,1010,1,0.8828609585762024,960,episodic_random,random
29887.0,,,,26028.0,,1.2,1.0,0.0,-0.1,0,0.15233658254146576,2370,0,0.3090653121471405,2380,1,0.9211441874504089,2340,episodic_random,random
14029.0,14684.0,13298.0,13955.0,14034.0,13362.0,1.36,1.0,0.0,-0.74,1,0.8843639492988586,1000,1,0.8985041975975037,1030,1,0.9036275744438171,1040,episodic_random,random
12634.0,,23442.0,,,,1.01,1.0,0.0,-0.34,1,0.9463682174682617,2380,0,0.285526305437088,2420,0,0.36725902557373047,2400,episodic_random,random
22682.0,30707.0,31473.0,32144.0,17229.0,28550.0,1.95,1.0,0.0,-0.69,1,0.9309613108634949,2340,1,0.8948481678962708,2380,1,0.9335930347442627,2280,episodic_random,random
13240.0,11928.0,11994.0,11337.0,12102.0,9397.0,1.65,1.0,0.0,-0.49,1,0.8966012001037598,870,1,0.8925656676292419,920,1,0.8889551162719727,920,episodic_random,random
23868.0,29847.0,25484.0,30153.0,30678.0,30024.0,1.01,1.0,0.0,-0.46,1,0.9291821122169495,2140,1,0.9040789008140564,2160,1,0.8820978999137878,2220,episodic_random,random
11935.0,9291.0,13330.0,10651.0,13428.0,11410.0,1.37,1.0,0.0,-0.82,1,0.9024132490158081,1040,1,0.8990997672080994,1020,1,0.8961126208305359,1020,episodic_random,random
13322.0,10666.0,12716.0,10028.0,11321.0,13321.0,1.92,1.0,0.0,-0.04,0,0.23164689540863037,960,0,0.20275016129016876,960,0,0.24840477108955383,1000,episodic_random,random
,,33438.0,33438.0,11256.0,,1.15,1.0,0.0,-0.23,0,0.29748502373695374,2630,0,0.2375740110874176,2630,1,0.9342676401138306,2540,episodic_random,random
12729.0,10079.0,12040.0,12040.0,13237.0,11243.0,1.01,1.0,0.0,-0.07,0,0.20382261276245117,980,0,0.20953163504600525,980,0,0.2033693492412567,1010,episodic_random,random
,,31965.0,33304.0,31233.0,,1.44,1.0,0.0,-0.11,1,0.26935604214668274,2440,0,0.16886860132217407,2400,1,0.9194406867027283,2450,episodic_random,random
16671.0,,28747.0,32747.0,31324.0,,2.38,1.0,0.0,-0.41,1,0.9290456175804138,2530,1,0.8643226623535156,2520,1,0.8951573967933655,2500,episodic_random,random
,33239.0,15993.0,32708.0,31387.0,,1.12,1.0,0.0,-0.09,0,0.13240469992160797,2520,1,0.9367114901542664,2470,0,0.09949712455272675,2550,episodic_random,random
18641.0,21298.0,12724.0,21423.0,21973.0,21297.0,2.21,1.0,0.0,-0.91,1,0.9173535108566284,1630,1,0.9351567029953003,1630,1,0.9143494367599487,1630,episodic_random,random
12668.0,13960.0,12016.0,14661.0,13347.0,15386.0,2.33,1.0,0.0,-0.81,1,0.9047588109970093,1190,1,0.907007098197937,1200,1,0.9095281362533569,1190,episodic_random,random
18721.0,20022.0,20061.0,20061.0,12679.0,15332.0,1.32,1.0,0.0,-0.96,1,0.9188392758369446,1540,1,0.931060254573822,1500,1,0.933634340763092,1470,episodic_random,random
15949.0,15299.0,12751.0,15410.0,12008.0,15315.0,2.16,1.0,0.0,-0.68,1,0.9026898145675659,1130,1,0.9054398536682129,1150,1,0.9002501368522644,1160,episodic_random,random
,,32800.0,32800.0,30563.0,32534.0,1.47,1.0,0.0,-0.62,1,0.892414391040802,2290,1,0.9415345788002014,2370,1,0.915205717086792,2360,episodic_random,random
31471.0,31471.0,19314.0,31447.0,31767.0,31106.0,2.02,1.0,0.0,-0.73,1,0.9095350503921509,2260,1,0.9246023297309875,2300,1,0.9241980910301208,2290,episodic_random,random
15369.0,22703.0,15249.0,22553.0,12110.0,22762.0,1.67,1.0,0.0,-0.18,0,0.4836805760860443,1630,0,0.35662660002708435,1580,1,0.8209735751152039,1610,episodic_random,random
12609.0,13293.0,12096.0,13396.0,11978.0,13335.0,1.79,1.0,0.0,-0.65,1,0.9074701070785522,960,1,0.9140042066574097,1000,1,0.9043869376182556,970,episodic_random,random
13312.0,11312.0,12038.0,14685.0,12008.0,14004.0,1.01,1.0,0.0,-0.72,1,0.9000272750854492,1100,1,0.9024174213409424,1130,1,0.902720034122467,1110,episodic_random,random
,,12679.0,,,,2.18,1.0,0.0,-0.46,1,0.5259911417961121,2510,1,0.9516384601593018,2500,0,0.3135218024253845,2440,episodic_random,random
12589.0,18608.0,17991.0,15991.0,12119.0,16745.0,1.46,1.0,0.0,-0.86,1,0.9289553165435791,1380,1,0.9263750910758972,1320,1,0.9279058575630188,1350,episodic_random,random
33159.0,,32700.0,,,32168.0,1.07,1.0,0.0,-0.21,1,0.9456859230995178,2480,0,0.18298204243183136,2510,0,0.286873996257782,2490,episodic_random,random
12654.0,9958.0,12673.0,10676.0,12697.0,12697.0,1.01,1.0,0.0,-0.93,1,0.8944207429885864,940,1,0.889844536781311,920,1,0.8972198367118835,950,episodic_random,random
13353.0,15975.0,13329.0,16661.0,12682.0,12682.0,1.52,1.0,0.0,-0.02,0,0.20524358749389648,1220,0,0.18846407532691956,1230,1,0.8672656416893005,1250,episodic_random,random
11961.0,17955.0,12728.0,18037.0,11999.0,16699.0,1.77,1.0,0.0,-0.24,0,0.33734336495399475,1280,0,0.35759827494621277,1330,1,0.8402284979820251,1320,episodic_random,random
11949.0,9999.0,12693.0,13361.0,12033.0,10031.0,1.01,1.0,0.0,-0.8,1,0.8976982235908508,1020,1,0.8842900991439819,980,1,0.9017128944396973,980,episodic_random,random
12653.0,11333.0,12728.0,12728.0,11938.0,12643.0,1.92,1.0,0.0,-0.99,1,0.8862720131874084,930,1,0.8815210461616516,950,1,0.8781934380531311,910,episodic_random,random
,,30593.0,,,,1.12,1.0,0.0,-0.19,0,0.3380468189716339,2500,0,0.16662655770778656,2470,1,0.914648711681366,2490,episodic_random,random
14109.0,10775.0,13338.0,13985.0,12561.0,11238.0,1.76,1.0,0.0,-0.3,0,0.40208378434181213,1030,0,0.4411869943141937,980,0,0.41525423526763916,1020,episodic_random,random
30774.0,30096.0,28740.0,30105.0,31111.0,29817.0,1.06,1.0,0.0,-0.28,0,0.23558028042316437,2320,0,0.29217663407325745,2360,0,0.860081672668457,2340,episodic_random,random
32104.0,,,,,33337.0,1.79,1.0,0.0,-0.24,1,0.9524706602096558,2480,0,0.3131222128868103,2460,0,0.12496625632047653,2480,episodic_random,random
12682.0,10693.0,11967.0,11302.0,12056.0,10691.0,1.63,1.0,0.0,-0.93,1,0.8973348140716553,970,1,0.8957327008247375,980,1,0.8879181146621704,950,episodic_random,random
,31365.0,29343.0,,25329.0,32648.0,2.52,1.0,0.0,-0.65,1,0.9096491932868958,2240,1,0.9158017635345459,2320,1,0.9490675330162048,2230,episodic_random,random
10646.0,11932.0,12782.0,7404.0,13958.0,9956.0,1.09,1.0,0.0,-0.89,1,0.9142590165138245,1060,1,0.9120972156524658,1080,1,0.9105889201164246,1060,episodic_random,random
,,,,13338.0,,1.26,1.0,0.0,-0.15,0,0.1412678360939026,2420,0,0.3412581980228424,2470,1,0.9237820506095886,2390,episodic_random,random
28715.0,28053.0,25179.0,28510.0,29444.0,28793.0,1.01,1.0,0.0,-0.38,1,0.8675575256347656,2270,1,0.8733413219451904,2300,1,0.9079269170761108,2310,episodic_random,random
11943.0,24495.0,14818.0,24883.0,20645.0,23297.0,2.52,1.0,0.0,-0.67,1,0.9417431950569153,1780,1,0.9408029317855835,1790,1,0.9409902691841125,1760,episodic_random,random
27324.0,31934.0,20812.0,31491.0,31915.0,30569.0,2.67,1.0,0.0,-0.94,1,0.9331433773040771,2310,1,0.9389898777008057,2450,1,0.9326022267341614,2290,episodic_random,random
12626.0,15267.0,16085.0,15428.0,13997.0,13997.0,1.29,1.0,0.0,-0.69,1,0.9124944806098938,1220,1,0.9116567969322205,1200,1,0.9168227910995483,1170,episodic_random,random
9949.0,12627.0,13419.0,13419.0,11283.0,12629.0,2.04,1.0,0.0,-0.68,1,0.9000150561332703,1080,1,0.8975333571434021,1070,1,0.9105061292648315,1090,episodic_random,random
,,29941.0,,,,2.0,1.0,0.0,-0.28,0,0.32162606716156006,2370,1,0.9514300227165222,2380,0,0.30037224292755127,2390,episodic_random,random
13972.0,14657.0,13318.0,13318.0,14058.0,14702.0,1.67,1.0,0.0,-0.37,0,0.6381933689117432,1090,1,0.854764997959137,1080,0,0.7015371918678284,1040,episodic_random,random
,,32581.0,,18976.0,,1.5,1.0,0.0,-0.12,1,0.1897827833890915,2260,0,0.1766599416732788,2280,1,0.924787700176239,2280,episodic_random,random
,,16593.0,,,,1.22,1.0,0.0,-0.53,0,0.6628886461257935,2440,1,0.9350442290306091,2400,0,0.6553890109062195,2370,episodic_random,random
12665.0,11325.0,12679.0,11331.0,12674.0,10737.0,1.01,1.0,0.0,-0.88,1,0.9042242169380188,910,1,0.9019638895988464,890,1,0.905870258808136,880,episodic_random,random
,,,,26083.0,,2.13,1.0,0.0,-0.29,0,0.25508639216423035,2330,0,0.21526841819286346,2310,1,0.937028169631958,2300,episodic_random,random
,,,,13238.0,,2.1,1.0,0.0,-0.25,1,0.335946649312973,2520,0,0.33618882298469543,2480,1,0.8933337330818176,2430,episodic_random,random
13338.0,,31319.0,,,,1.84,1.0,0.0,-0.44,1,0.9468318223953247,2330,0,0.42497822642326355,2310,1,0.5330994725227356,2260,episodic_random,random
11959.0,,,,,,1.29,1.0,0.0,-0.24,1,0.9444210529327393,2440,0,0.28690066933631897,2410,0,0.3142737150192261,2450,episodic_random,random
15280.0,,,,,32737.0,1.4,1.0,0.0,-0.51,1,0.9448203444480896,2490,0,0.5046877264976501,2550,0,0.41744548082351685,2420,episodic_random,random
19890.0,33128.0,,,12797.0,,2.02,1.0,0.0,-0.48,0,0.37406423687934875,2490,0,0.586036205291748,2430,1,0.9462769031524658,2480,episodic_random,random
12663.0,,,,,,2.39,1.0,0.0,-0.58,1,0.9497109055519104,2420,0,0.5841542482376099,2390,0,0.5002231001853943,2410,episodic_random,random
14600.0,15939.0,14793.0,16763.0,11995.0,16638.0,2.72,1.0,0.0,-0.97,1,0.919239342212677,1160,1,0.9201813340187073,1210,1,0.9273350238800049,1210,episodic_random,random
13229.0,14592.0,14079.0,14734.0,13375.0,13375.0,2.42,1.0,0.0,-0.89,1,0.9019325375556946,1030,1,0.9045065641403198,1060,1,0.9046128988265991,1020,episodic_random,random
26414.0,25114.0,26374.0,25033.0,19795.0,25773.0,1.01,1.0,0.0,-0.63,0,0.7799273133277893,3630,0,0.5580496191978455,3620,0,0.4830546975135803,3570,episodic_sequence,random
7257.0,7933.0,7929.0,4673.0,7908.0,5251.0,1.6,1.0,0.0,-0.06,0,0.3409807085990906,1070,0,0.2531214654445648,1080,0,0.3208143711090088,1070,episodic_sequence,random
33155.0,,,,,,1.27,1.0,0.0,-0.28,1,0.5189865827560425,4440,1,0.8053803443908691,4440,1,0.2600806951522827,4360,episodic_sequence,random
8601.0,9885.0,7944.0,11280.0,8595.0,11272.0,1.62,1.0,0.0,-0.41,1,0.9174574613571167,1360,1,0.9206560254096985,1400,1,0.9214868545532227,1400,episodic_sequence,random
7220.0,6575.0,7286.0,8594.0,7932.0,8596.0,2.65,1.0,0.0,-0.85,1,0.8980332612991333,1250,1,0.9085408449172974,1250,1,0.9041414856910706,1240,episodic_sequence,random
9252.0,9925.0,8660.0,9972.0,7871.0,7871.0,1.32,1.0,0.0,-0.85,1,0.8932997584342957,1140,1,0.8947051763534546,1160,1,0.8900009989738464,1200,episodic_sequence,random
8648.0,6005.0,8577.0,7270.0,8549.0,7209.0,1.68,1.0,0.0,-0.94,1,0.9122340679168701,1070,1,0.9152384400367737,1090,1,0.9194057583808899,1060,episodic_sequence,random
8532.0,22377.0,12569.0,23774.0,10630.0,23880.0,1.81,1.0,0.0,-0.14,1,0.9490424394607544,2900,0,0.08530326932668686,2910,0,0.0999162495136261,2970,episodic_sequence,random
8513.0,5904.0,7913.0,7274.0,7978.0,5320.0,1.17,1.0,0.0,-0.4,1,0.9035592675209045,1170,1,0.89951092004776,1190,1,0.8900080919265747,1220,episodic_sequence,random
13869.0,,12541.0,11877.0,30358.0,,1.01,1.0,0.0,-0.3,0,0.2768847346305847,4260,1,0.9505677223205566,4330,0,0.27546289563179016,4350,episodic_sequence,random
7243.0,11917.0,9240.0,11838.0,11256.0,10596.0,1.44,1.0,0.0,-0.98,1,0.9259880781173706,1580,1,0.9235512614250183,1540,1,0.923470675945282,1560,episodic_sequence,random
24605.0,23283.0,24558.0,23238.0,9136.0,22873.0,1.01,1.0,0.0,-0.04,0,0.15468400716781616,3150,0,0.8266145586967468,3140,0,0.0792594701051712,3090,episodic_sequence,random
7957.0,27095.0,14484.0,26287.0,9996.0,27145.0,2.07,1.0,0.0,-0.18,0,0.1511348932981491,3520,1,0.953783392906189,3510,0,0.1437465399503708,3530,episodic_sequence,random
7941.0,7941.0,7977.0,7305.0,7200.0,7856.0,2.4,1.0,0.0,-0.79,1,0.9001384973526001,1130,1,0.8796539902687073,1110,1,0.8713085651397705,1100,episodic_sequence,random
7251.0,6605.0,7309.0,7981.0,7897.0,6579.0,2.08,1.0,0.0,-0.82,1,0.8968876600265503,1080,1,0.901390790939331,1070,1,0.8937571048736572,1030,episodic_sequence,random
7879.0,6553.0,7321.0,7321.0,7893.0,8542.0,2.55,1.0,0.0,-0.82,1,0.8964793682098389,1170,1,0.9001160264015198,1230,1,0.9001404643058777,1160,episodic_sequence,random
10678.0,15290.0,7835.0,13797.0,9919.0,15175.0,2.32,1.0,0.0,-0.7,1,0.9404186010360718,1930,1,0.9403636455535889,1900,1,0.9335749745368958,1930,episodic_sequence,random
6575.0,16468.0,16582.0,15931.0,17063.0,15748.0,1.12,1.0,0.0,-0.48,0,0.22167746722698212,2530,0,0.7822833061218262,2520,0,0.37736624479293823,2450,episodic_sequence,random
9853.0,9853.0,6676.0,9319.0,7203.0,6568.0,2.37,1.0,0.0,-0.57,1,0.9169796109199524,1460,1,0.9283710718154907,1510,1,0.9217240810394287,1450,episodic_sequence,random
15151.0,,,,26983.0,,1.83,1.0,0.0,-0.71,0,0.14074614644050598,4610,0,0.4222175180912018,4630,1,0.9692378044128418,4520,episodic_sequence,random
27754.0,,31565.0,32872.0,,,2.08,1.0,0.0,-0.39,0,0.3335452973842621,4310,1,0.9520564675331116,4340,0,0.35445868968963623,4350,episodic_sequence,random
7230.0,11854.0,12538.0,12538.0,12574.0,12574.0,2.64,1.0,0.0,-0.86,1,0.928925096988678,1740,1,0.9331631660461426,1700,1,0.9246858358383179,1680,episodic_sequence,random
7273.0,5950.0,7906.0,5929.0,6640.0,6640.0,1.41,1.0,0.0,-0.71,1,0.9018048644065857,1060,1,0.9094358682632446,1140,1,0.9133927226066589,1160,episodic_sequence,random
7957.0,5281.0,8617.0,7964.0,8552.0,9220.0,1.01,1.0,0.0,-0.64,1,0.8995473384857178,1220,1,0.900712251663208,1180,1,0.8988069295883179,1140,episodic_sequence,random
7258.0,7258.0,7249.0,3941.0,7295.0,7945.0,1.2,1.0,0.0,-0.55,1,0.8991660475730896,1060,1,0.896094024181366,1080,1,0.9049716591835022,1080,episodic_sequence,random
11184.0,20442.0,18491.0,21087.0,18466.0,21119.0,1.41,1.0,0.0,-0.22,1,0.8654574751853943,3010,0,0.6647223234176636,2980,0,0.6269709467887878,2930,episodic_sequence,random
7920.0,9211.0,8550.0,9861.0,8011.0,9990.0,2.43,1.0,0.0,-0.8,1,0.9232870936393738,1260,1,0.918263852596283,1240,1,0.9234234094619751,1300,episodic_sequence,random
7282.0,8594.0,7914.0,8590.0,9177.0,9177.0,2.25,1.0,0.0,-0.49,1,0.8977076411247253,1270,1,0.9220583438873291,1300,1,0.8800261616706848,1270,episodic_sequence,random
8492.0,3891.0,7936.0,5291.0,7318.0,6016.0,1.01,1.0,0.0,-0.41,1,0.9040273427963257,1110,1,0.9026291370391846,1190,1,0.9096900820732117,1160,episodic_sequence,random
10545.0,13852.0,8545.0,12470.0,7987.0,13964.0,1.9,1.0,0.0,-0.95,1,0.9366156458854675,1860,1,0.9369016289710999,1880,1,0.9396304488182068,1900,episodic_sequence,random
29691.0,,,,30369.0,,1.47,1.0,0.0,-0.4,1,0.9291021227836609,4500,1,0.9229907393455505,4440,1,0.9359607696533203,4500,episodic_sequence,random
7827.0,5854.0,7413.0,6048.0,7885.0,6567.0,1.26,1.0,0.0,-0.83,1,0.884246826171875,970,1,0.8844438791275024,1050,1,0.88015216588974,1020,episodic_sequence,random
7280.0,5974.0,7224.0,5223.0,7973.0,5985.0,1.06,1.0,0.0,-0.94,1,0.9026358723640442,1080,1,0.8982020616531372,1060,1,0.9056816697120667,1060,episodic_sequence,random
30507.0,,11181.0,28962.0,9218.0,32865.0,1.23,1.0,0.0,-0.06,0,0.08112263679504395,4720,1,0.9553248882293701,4710,0,0.08541001379489899,4670,episodic_sequence,random
7946.0,7303.0,8529.0,8529.0,7968.0,7968.0,1.96,1.0,0.0,-0.04,0,0.24430762231349945,1090,0,0.33251261711120605,1120,1,0.8596735000610352,1130,episodic_sequence,random
8646.0,7341.0,8524.0,7145.0,8628.0,6705.0,1.26,1.0,0.0,-0.2,0,0.41151976585388184,1090,0,0.42914125323295593,1090,0,0.4117988049983978,1060,episodic_sequence,random
6593.0,7264.0,7299.0,7299.0,6586.0,7899.0,1.79,1.0,0.0,-0.7,1,0.9073442220687866,1030,1,0.9091250896453857,1070,1,0.9206228852272034,1080,episodic_sequence,random
7341.0,10019.0,11817.0,11148.0,7221.0,9172.0,2.27,1.0,0.0,-0.9,1,0.9300827980041504,1690,1,0.921722948551178,1610,1,0.9273568987846375,1600,episodic_sequence,random
12588.0,19207.0,19843.0,19195.0,17814.0,19766.0,1.36,1.0,0.0,-0.32,1,0.9311854839324951,2570,1,0.8351559638977051,2490,1,0.9153597354888916,2500,episodic_sequence,random
7315.0,7315.0,8623.0,8623.0,8522.0,7857.0,2.5,1.0,0.0,-0.56,1,0.8989664316177368,1120,1,0.8995709419250488,1130,1,0.9019009470939636,1110,episodic_sequence,random
7227.0,8550.0,7987.0,6646.0,6588.0,5940.0,2.79,1.0,0.0,-0.88,1,0.921520471572876,1230,1,0.9279362559318542,1250,1,0.9210742115974426,1240,episodic_sequence,random
,,30332.0,,,,1.24,1.0,0.0,-0.51,1,0.9023418426513672,4280,1,0.9080149531364441,4190,1,0.8045224547386169,4250,episodic_sequence,random
7382.0,8036.0,8612.0,9271.0,8450.0,7157.0,1.88,1.0,0.0,-0.97,1,0.9049599766731262,1300,1,0.900550127029419,1290,1,0.9040915369987488,1310,episodic_sequence,random
20405.0,21057.0,21884.0,21210.0,20429.0,21125.0,1.2,1.0,0.0,-0.1,1,0.945190966129303,2860,1,0.7064979076385498,2910,1,0.9360929727554321,2950,episodic_sequence,random
7263.0,5939.0,7309.0,3995.0,7224.0,5245.0,1.36,1.0,0.0,-0.74,1,0.8913671970367432,1010,1,0.90203857421875,1030,1,0.895348846912384,1000,episodic_sequence,random
7265.0,7910.0,7883.0,5250.0,7961.0,6646.0,1.01,1.0,0.0,-0.34,0,0.23097345232963562,1100,0,0.20131929218769073,1120,0,0.20675794780254364,1120,episodic_sequence,random
7960.0,5966.0,6601.0,8578.0,7250.0,6585.0,1.95,1.0,0.0,-0.69,1,0.916869580745697,1200,1,0.899510383605957,1200,1,0.8937711715698242,1140,episodic_sequence,random
7315.0,11236.0,7837.0,9162.0,7951.0,11226.0,1.65,1.0,0.0,-0.49,1,0.9283552765846252,1670,1,0.9283536672592163,1640,1,0.9259754419326782,1670,episodic_sequence,random
7258.0,5281.0,7949.0,5310.0,6564.0,3921.0,1.01,1.0,0.0,-0.46,1,0.9057531952857971,1050,1,0.9020002484321594,1050,1,0.9087799191474915,1080,episodic_sequence,random
15930.0,16594.0,15101.0,15101.0,15841.0,16495.0,1.37,1.0,0.0,-0.82,0,0.7604556083679199,2260,1,0.9504589438438416,2180,0,0.7673234343528748,2240,episodic_sequence,random
26237.0,,,,25137.0,,1.92,1.0,0.0,-0.04,1,0.841206967830658,4590,1,0.8445447087287903,4610,1,0.8412315249443054,4700,episodic_sequence,random
,,,,31172.0,,1.15,1.0,0.0,-0.23,1,0.8725218772888184,4420,1,0.8628238439559937,4460,1,0.8499230146408081,4400,episodic_sequence,random
7247.0,5916.0,7267.0,4655.0,7296.0,4605.0,1.01,1.0,0.0,-0.07,0,0.30743756890296936,1020,0,0.1691206842660904,1020,0,0.21765351295471191,1040,episodic_sequence,random
7258.0,4627.0,6661.0,5993.0,7183.0,6542.0,1.44,1.0,0.0,-0.11,0,0.279278039932251,1020,0,0.31097477674484253,1020,0,0.20687735080718994,980,episodic_sequence,random
33010.0,33010.0,26351.0,,32292.0,,2.38,1.0,0.0,-0.41,1,0.9292941689491272,4480,1,0.9539411664009094,4470,1,0.8616869449615479,4530,episodic_sequence,random
7896.0,10535.0,7862.0,13849.0,11296.0,14567.0,1.12,1.0,0.0,-0.09,1,0.9176308512687683,1910,0,0.14186255633831024,1900,0,0.16482460498809814,1890,episodic_sequence,random
7215.0,7215.0,6632.0,6632.0,7962.0,6637.0,2.21,1.0,0.0,-0.91,1,0.8756990432739258,1070,1,0.9080402255058289,1060,1,0.9022858738899231,1050,episodic_sequence,random
9287.0,9954.0,9082.0,10412.0,8723.0,11333.0,2.33,1.0,0.0,-0.81,1,0.9252013564109802,1440,1,0.9192293882369995,1440,1,0.9258801937103271,1440,episodic_sequence,random
7922.0,7241.0,7922.0,7922.0,7938.0,7938.0,1.32,1.0,0.0,-0.96,1,0.9062105417251587,1050,1,0.9135319590568542,1060,1,0.9106827974319458,1050,episodic_sequence,random
7945.0,9965.0,7301.0,11955.0,7900.0,13110.0,2.16,1.0,0.0,-0.68,1,0.9417080879211426,1840,1,0.939179003238678,1810,1,0.939816951751709,1790,episodic_sequence,random
7870.0,5892.0,7281.0,7281.0,7988.0,3302.0,1.47,1.0,0.0,-0.62,1,0.9011436104774475,1040,1,0.9076787233352661,1080,1,0.8975964188575745,1040,episodic_sequence,random
8043.0,6689.0,8520.0,6550.0,8604.0,5307.0,2.02,1.0,0.0,-0.73,1,0.9079704880714417,1080,1,0.9173709154129028,1080,1,0.9141097068786621,1060,episodic_sequence,random
31242.0,,,,,32227.0,1.67,1.0,0.0,-0.18,1,0.7968411445617676,4270,1,0.85834801197052,4230,1,0.9220297932624817,4300,episodic_sequence,random
7978.0,6647.0,8540.0,7232.0,7287.0,6629.0,1.79,1.0,0.0,-0.65,1,0.9060067534446716,1180,1,0.9131147265434265,1210,1,0.9123132228851318,1210,episodic_sequence,random
7901.0,3950.0,7249.0,5265.0,7314.0,6003.0,1.01,1.0,0.0,-0.72,1,0.9010251760482788,1080,1,0.9039797782897949,1060,1,0.9077463150024414,1060,episodic_sequence,random
17297.0,16652.0,8631.0,16499.0,15775.0,16413.0,2.18,1.0,0.0,-0.46,1,0.8646007776260376,2230,1,0.9336678385734558,2150,1,0.9107435345649719,2180,episodic_sequence,random
7171.0,5207.0,7339.0,4706.0,6654.0,4637.0,1.46,1.0,0.0,-0.86,1,0.9035001993179321,1060,1,0.9043466448783875,1060,1,0.8962212204933167,1080,episodic_sequence,random
7944.0,5312.0,8497.0,7832.0,8645.0,6005.0,1.07,1.0,0.0,-0.21,0,0.20403899252414703,1110,0,0.31316936016082764,1150,0,0.18704453110694885,1080,episodic_sequence,random
6524.0,5224.0,6629.0,4635.0,6669.0,3998.0,1.01,1.0,0.0,-0.93,1,0.8853464126586914,900,1,0.8847488164901733,930,1,0.874643862247467,910,episodic_sequence,random
,,32609.0,,32266.0,,1.52,1.0,0.0,-0.02,1,0.8983174562454224,4410,0,0.05785471573472023,4370,0,0.07739759236574173,4300,episodic_sequence,random
,,,,32500.0,,1.77,1.0,0.0,-0.24,1,0.7992238402366638,4380,0,0.8820631504058838,4330,1,0.897956132888794,4310,episodic_sequence,random
7275.0,8618.0,7950.0,5961.0,6580.0,4614.0,1.01,1.0,0.0,-0.8,1,0.9005569815635681,1200,1,0.8917508125305176,1190,1,0.9006204009056091,1190,episodic_sequence,random
7862.0,5905.0,7264.0,9251.0,7346.0,9966.0,1.92,1.0,0.0,-0.99,1,0.9250887036323547,1320,1,0.9219807982444763,1320,1,0.9312663078308105,1340,episodic_sequence,random
30866.0,32888.0,32696.0,31377.0,27569.0,,1.12,1.0,0.0,-0.19,0,0.7658416628837585,4360,1,0.15309181809425354,4350,0,0.1784583479166031,4290,episodic_sequence,random
19917.0,,22555.0,,22282.0,,1.76,1.0,0.0,-0.3,1,0.9438164830207825,4560,0,0.5641598105430603,4570,0,0.541750431060791,4570,episodic_sequence,random
22303.0,20977.0,15916.0,21835.0,19813.0,19149.0,1.06,1.0,0.0,-0.28,1,0.9275434017181396,3190,1,0.8136052489280701,3170,1,0.846506655216217,3200,episodic_sequence,random
8563.0,14487.0,8636.0,15831.0,15929.0,16576.0,1.79,1.0,0.0,-0.24,1,0.9220873713493347,2090,0,0.15842124819755554,2140,0,0.15383687615394592,2070,episodic_sequence,random
7170.0,10475.0,8559.0,7232.0,7382.0,8034.0,1.63,1.0,0.0,-0.93,1,0.9297374486923218,1540,1,0.9312340021133423,1520,1,0.9310668706893921,1540,episodic_sequence,random
7945.0,6619.0,7886.0,5968.0,7963.0,7963.0,2.52,1.0,0.0,-0.65,1,0.8867211937904358,1030,1,0.8801673650741577,1000,1,0.8849679827690125,990,episodic_sequence,random
8628.0,11332.0,7898.0,9853.0,11897.0,11218.0,1.09,1.0,0.0,-0.89,1,0.9310142993927002,1540,1,0.9372993111610413,1520,1,0.9328402280807495,1560,episodic_sequence,random
7223.0,7898.0,7314.0,8613.0,7900.0,7241.0,1.26,1.0,0.0,-0.15,0,0.34128376841545105,1270,0,0.35922443866729736,1240,1,0.843837559223175,1250,episodic_sequence,random
9945.0,9268.0,10601.0,9306.0,11853.0,9190.0,1.01,1.0,0.0,-0.38,1,0.9011993408203125,1580,1,0.8960645794868469,1540,1,0.911246120929718,1560,episodic_sequence,random
6607.0,7255.0,6570.0,7249.0,7292.0,5281.0,2.52,1.0,0.0,-0.67,1,0.8718125224113464,1000,1,0.8950200080871582,980,1,0.8772627711296082,980,episodic_sequence,random
7836.0,10456.0,8036.0,11280.0,7898.0,11217.0,2.67,1.0,0.0,-0.94,1,0.9251145124435425,1540,1,0.9178191423416138,1530,1,0.9216368198394775,1530,episodic_sequence,random
7880.0,4614.0,7951.0,7951.0,7945.0,7284.0,1.29,1.0,0.0,-0.69,1,0.9032995104789734,1110,1,0.9052949547767639,1060,1,0.8956576585769653,1110,episodic_sequence,random
7909.0,6652.0,7299.0,7299.0,7231.0,7883.0,2.04,1.0,0.0,-0.68,1,0.8992287516593933,1090,1,0.8935556411743164,1100,1,0.8991500735282898,1070,episodic_sequence,random
30339.0,,31582.0,32910.0,,32464.0,2.0,1.0,0.0,-0.28,1,0.8563418984413147,4570,1,0.9117593169212341,4560,1,0.8572075963020325,4550,episodic_sequence,random
14525.0,,33218.0,,6600.0,32088.0,1.67,1.0,0.0,-0.37,0,0.1597781926393509,4450,0,0.3413811922073364,4510,1,0.9683378338813782,4460,episodic_sequence,random
25062.0,24393.0,16431.0,25020.0,7326.0,24531.0,1.5,1.0,0.0,-0.12,0,0.40072619915008545,3260,0,0.4889688193798065,3350,1,0.9286564588546753,3250,episodic_sequence,random
8562.0,4619.0,6687.0,9314.0,7232.0,5911.0,1.22,1.0,0.0,-0.53,1,0.9157814979553223,1280,1,0.916362464427948,1320,1,0.9065014123916626,1320,episodic_sequence,random
7236.0,5251.0,7845.0,7845.0,7372.0,6014.0,1.01,1.0,0.0,-0.88,1,0.8953916430473328,1030,1,0.8868069052696228,1000,1,0.9069334268569946,1110,episodic_sequence,random
,,,,30371.0,,2.13,1.0,0.0,-0.29,0,0.6204225420951843,4530,0,0.5532322525978088,4470,1,0.9278825521469116,4400,episodic_sequence,random
,,,,27017.0,,2.1,1.0,0.0,-0.25,1,0.9065375328063965,4240,1,0.9187156558036804,4400,1,0.835570752620697,4460,episodic_sequence,random
7949.0,6627.0,8575.0,7919.0,7922.0,7238.0,1.84,1.0,0.0,-0.44,1,0.8804650902748108,1080,1,0.887580156326294,1090,1,0.8531224727630615,1110,episodic_sequence,random
,,,,31589.0,,1.29,1.0,0.0,-0.24,0,0.9234712719917297,4370,1,0.9211047887802124,4390,1,0.830439031124115,4340,episodic_sequence,random
17770.0,19079.0,17763.0,16441.0,7229.0,17220.0,1.4,1.0,0.0,-0.51,0,0.7608365416526794,2750,0,0.21515008807182312,2690,0,0.11137145012617111,2720,episodic_sequence,random
27207.0,,,,23796.0,,2.02,1.0,0.0,-0.48,1,0.9666787385940552,4490,0,0.3222682476043701,4470,0,0.21866294741630554,4460,episodic_sequence,random
7896.0,8548.0,8005.0,8651.0,7198.0,6542.0,2.39,1.0,0.0,-0.58,1,0.898338794708252,1150,1,0.8862559199333191,1130,1,0.8893428444862366,1140,episodic_sequence,random
5882.0,11171.0,6577.0,11157.0,9980.0,11974.0,2.72,1.0,0.0,-0.97,1,0.9460052251815796,1700,1,0.945570170879364,1720,1,0.9447970390319824,1740,episodic_sequence,random
8614.0,9934.0,8015.0,10651.0,7130.0,7130.0,2.42,1.0,0.0,-0.89,1,0.9332389235496521,1460,1,0.9277063012123108,1450,1,0.9274309277534485,1410,episodic_sequence,random
13900.0,6567.0,11250.0,11250.0,7254.0,3973.0,1.01,1.0,0.0,-0.63,1,0.9416546821594238,1930,1,0.9456115365028381,1970,1,0.9427158832550049,1920,episodic_maxmin,random
7961.0,3970.0,7294.0,8581.0,9837.0,8513.0,1.6,1.0,0.0,-0.06,0,0.22136487066745758,1370,0,0.19409026205539703,1330,0,0.21225982904434204,1360,episodic_maxmin,random
10652.0,11317.0,11855.0,11189.0,10514.0,11164.0,1.27,1.0,0.0,-0.28,1,0.821968138217926,1620,1,0.8802193403244019,1590,1,0.8526226878166199,1610,episodic_maxmin,random
7373.0,11306.0,9190.0,11189.0,7873.0,9859.0,1.62,1.0,0.0,-0.41,1,0.9353440403938293,1610,1,0.934221088886261,1550,1,0.9315756559371948,1580,episodic_maxmin,random
7216.0,6572.0,7277.0,5951.0,7998.0,7998.0,2.65,1.0,0.0,-0.85,1,0.890047013759613,1090,1,0.8967863917350769,1100,1,0.8928481936454773,1090,episodic_maxmin,random
7854.0,7854.0,8028.0,8028.0,7906.0,7257.0,1.32,1.0,0.0,-0.85,1,0.8913929462432861,1080,1,0.8973592519760132,1070,1,0.8988110423088074,1090,episodic_maxmin,random
7892.0,8536.0,9281.0,9281.0,9274.0,9274.0,1.68,1.0,0.0,-0.94,1,0.9056501388549805,1250,1,0.9014114737510681,1230,1,0.9045719504356384,1180,episodic_maxmin,random
17957.0,17287.0,17673.0,16358.0,17816.0,16512.0,1.81,1.0,0.0,-0.14,0,0.7344211339950562,2530,0,0.7280597686767578,2490,0,0.6775370240211487,2520,episodic_maxmin,random
6012.0,8610.0,7970.0,5949.0,8524.0,5206.0,1.17,1.0,0.0,-0.4,1,0.9248548150062561,1260,1,0.915216863155365,1240,1,0.9194040298461914,1220,episodic_maxmin,random
9235.0,9883.0,8530.0,9844.0,10666.0,10003.0,1.01,1.0,0.0,-0.3,1,0.8878256678581238,1270,1,0.8957201242446899,1320,1,0.8775548338890076,1310,episodic_maxmin,random
6561.0,6561.0,6596.0,6596.0,6631.0,5951.0,1.44,1.0,0.0,-0.98,1,0.9015393853187561,960,1,0.8938750624656677,990,1,0.899562656879425,990,episodic_maxmin,random
7933.0,8617.0,8585.0,4639.0,11209.0,4621.0,1.01,1.0,0.0,-0.04,0,0.14399857819080353,1480,0,0.1341170221567154,1440,0,0.13498081266880035,1400,episodic_maxmin,random
8662.0,7393.0,7247.0,9252.0,8515.0,7845.0,2.07,1.0,0.0,-0.18,0,0.2718706429004669,1190,0,0.25670126080513,1180,0,0.2608600854873657,1190,episodic_maxmin,random
7908.0,5915.0,7307.0,7307.0,7238.0,6581.0,2.4,1.0,0.0,-0.79,1,0.9006069898605347,1110,1,0.9123225808143616,1140,1,0.8998351693153381,1110,episodic_maxmin,random
7273.0,11312.0,6622.0,10539.0,7271.0,9881.0,2.08,1.0,0.0,-0.82,1,0.9282178282737732,1440,1,0.9353945255279541,1490,1,0.9285777807235718,1470,episodic_maxmin,random
7842.0,17081.0,6603.0,17238.0,6657.0,16500.0,2.55,1.0,0.0,-0.82,1,0.9544523358345032,2270,1,0.9558533430099487,2390,1,0.956466019153595,2400,episodic_maxmin,random
7237.0,12554.0,7955.0,13300.0,7262.0,11799.0,2.32,1.0,0.0,-0.7,1,0.9456595778465271,1800,1,0.9460150599479675,1800,1,0.9474365711212158,1780,episodic_maxmin,random
8029.0,7377.0,7928.0,7928.0,7881.0,6570.0,1.12,1.0,0.0,-0.48,1,0.8577656149864197,970,1,0.8891271352767944,940,1,0.8753965497016907,930,episodic_maxmin,random
16498.0,15211.0,10658.0,17316.0,7796.0,17061.0,2.37,1.0,0.0,-0.57,1,0.9544209241867065,2330,1,0.9556479454040527,2370,1,0.954223096370697,2400,episodic_maxmin,random
7827.0,5238.0,7931.0,7279.0,7320.0,8648.0,1.83,1.0,0.0,-0.71,1,0.9169709086418152,1170,1,0.914641261100769,1170,1,0.9220629334449768,1200,episodic_maxmin,random
7262.0,8578.0,8502.0,9164.0,7343.0,9973.0,2.08,1.0,0.0,-0.39,1,0.925000011920929,1460,1,0.9259485006332397,1430,1,0.9108593463897705,1430,episodic_maxmin,random
7903.0,9215.0,7279.0,7279.0,7956.0,7293.0,2.64,1.0,0.0,-0.86,1,0.9207813143730164,1310,1,0.9240177273750305,1330,1,0.9227204322814941,1360,episodic_maxmin,random
7291.0,5351.0,7834.0,6508.0,7349.0,5989.0,1.41,1.0,0.0,-0.71,1,0.8971385359764099,1070,1,0.8977533578872681,1070,1,0.8997628092765808,1120,episodic_maxmin,random
7279.0,3308.0,7956.0,6612.0,6580.0,4654.0,1.01,1.0,0.0,-0.64,1,0.8981131911277771,1110,1,0.899446964263916,1100,1,0.9104648232460022,1150,episodic_maxmin,random
8617.0,6636.0,7901.0,6566.0,7937.0,6620.0,1.2,1.0,0.0,-0.55,1,0.8942787647247314,1000,1,0.8931868672370911,1040,1,0.8922844529151917,1020,episodic_maxmin,random
13073.0,12409.0,13240.0,12572.0,12703.0,12703.0,1.41,1.0,0.0,-0.22,1,0.8331676125526428,1630,1,0.8708459138870239,1610,1,0.8981196880340576,1600,episodic_maxmin,random
8063.0,9384.0,8512.0,9811.0,7218.0,7868.0,2.43,1.0,0.0,-0.8,1,0.9210080504417419,1390,1,0.9225359559059143,1350,1,0.9275288581848145,1420,episodic_maxmin,random
8576.0,10525.0,7233.0,10562.0,8001.0,8667.0,2.25,1.0,0.0,-0.49,1,0.9260807633399963,1420,1,0.9247301816940308,1450,1,0.9276779890060425,1470,episodic_maxmin,random
7201.0,5907.0,7948.0,7948.0,7973.0,5301.0,1.01,1.0,0.0,-0.41,1,0.8937492370605469,1060,1,0.8775792717933655,1010,1,0.8961495161056519,1030,episodic_maxmin,random
7196.0,14515.0,9995.0,9995.0,11806.0,15145.0,1.9,1.0,0.0,-0.95,1,0.9503293633460999,1930,1,0.9533967971801758,1930,1,0.9480356574058533,1960,episodic_maxmin,random
8616.0,4656.0,7190.0,7849.0,7989.0,5992.0,1.47,1.0,0.0,-0.4,1,0.9047121405601501,1170,1,0.9118823409080505,1160,1,0.9134860038757324,1190,episodic_maxmin,random
7342.0,6667.0,7253.0,7253.0,7181.0,5877.0,1.26,1.0,0.0,-0.83,1,0.9068374037742615,1030,1,0.9091410636901855,1000,1,0.9047486186027527,990,episodic_maxmin,random
6602.0,5934.0,7247.0,5917.0,7287.0,5981.0,1.06,1.0,0.0,-0.94,1,0.9049986004829407,1050,1,0.8945770859718323,1070,1,0.8989982008934021,1040,episodic_maxmin,random
16537.0,15888.0,15127.0,14485.0,17826.0,19189.0,1.23,1.0,0.0,-0.06,1,0.8181723356246948,2620,1,0.7154846787452698,2570,1,0.8256813883781433,2610,episodic_maxmin,random
23828.0,24502.0,17037.0,24939.0,23834.0,22531.0,1.96,1.0,0.0,-0.04,1,0.7541406750679016,3490,1,0.8911343812942505,3490,1,0.7604009509086609,3480,episodic_maxmin,random
7833.0,6526.0,7906.0,4591.0,7355.0,8007.0,1.26,1.0,0.0,-0.2,0,0.255074679851532,1080,0,0.27194535732269287,1090,0,0.2781316339969635,1130,episodic_maxmin,random
8061.0,8061.0,8528.0,9843.0,7834.0,9854.0,1.79,1.0,0.0,-0.7,1,0.9267125129699707,1450,1,0.9226861596107483,1420,1,0.92206209897995,1390,episodic_maxmin,random
7937.0,11859.0,7975.0,9990.0,11863.0,11195.0,2.27,1.0,0.0,-0.9,1,0.9236023426055908,1470,1,0.9223260283470154,1470,1,0.9223636388778687,1460,episodic_maxmin,random
7904.0,5909.0,7290.0,4668.0,7281.0,6602.0,1.36,1.0,0.0,-0.32,1,0.9039726853370667,1080,1,0.906226396560669,1090,1,0.9125188589096069,1110,episodic_maxmin,random
7314.0,7314.0,7211.0,10497.0,8576.0,9907.0,2.5,1.0,0.0,-0.56,1,0.9331513047218323,1550,1,0.9265504479408264,1500,1,0.9208483099937439,1530,episodic_maxmin,random
9256.0,9908.0,8576.0,12494.0,7959.0,10620.0,2.79,1.0,0.0,-0.88,1,0.9321115612983704,1660,1,0.9346886277198792,1670,1,0.9352791905403137,1730,episodic_maxmin,random
7339.0,8656.0,7909.0,6618.0,7875.0,6551.0,1.24,1.0,0.0,-0.51,1,0.8938308954238892,1080,1,0.880680501461029,1050,1,0.89454585313797,1050,episodic_maxmin,random
6641.0,5988.0,7265.0,5952.0,7201.0,5876.0,1.88,1.0,0.0,-0.97,1,0.9078479409217834,1060,1,0.8973159193992615,1040,1,0.9114012122154236,1040,episodic_maxmin,random
14556.0,15245.0,15834.0,15174.0,15868.0,15187.0,1.2,1.0,0.0,-0.1,1,0.8304786086082458,2040,1,0.8435013294219971,2030,1,0.7494328022003174,2010,episodic_maxmin,random
7925.0,3971.0,7277.0,3982.0,8565.0,7233.0,1.36,1.0,0.0,-0.74,1,0.9263439774513245,1320,1,0.9225376844406128,1320,1,0.9276123642921448,1340,episodic_maxmin,random
9170.0,5923.0,9956.0,5337.0,7276.0,4633.0,1.01,1.0,0.0,-0.34,1,0.9061991572380066,1220,1,0.8933306336402893,1220,1,0.9024954438209534,1280,episodic_maxmin,random
7159.0,7828.0,7997.0,7348.0,7291.0,7291.0,1.95,1.0,0.0,-0.69,1,0.8951200842857361,1060,1,0.907715380191803,1060,1,0.9051388502120972,1060,episodic_maxmin,random
7279.0,7929.0,7920.0,6578.0,7312.0,7957.0,1.65,1.0,0.0,-0.49,1,0.8940597772598267,1050,1,0.9005050659179688,1060,1,0.8969460725784302,1050,episodic_maxmin,random
7304.0,4005.0,7187.0,5209.0,7285.0,4659.0,1.01,1.0,0.0,-0.46,1,0.8955367207527161,1100,1,0.8847919702529907,1060,1,0.8949897289276123,1080,episodic_maxmin,random
7276.0,5956.0,7189.0,6533.0,7327.0,5987.0,1.37,1.0,0.0,-0.82,1,0.9092907905578613,1020,1,0.9061065316200256,1050,1,0.9166098237037659,1090,episodic_maxmin,random
7160.0,7160.0,8626.0,7964.0,7349.0,8019.0,1.92,1.0,0.0,-0.04,0,0.384197473526001,1100,0,0.42696499824523926,1180,0,0.4055549204349518,1160,episodic_maxmin,random
7283.0,6635.0,7250.0,5896.0,7283.0,4639.0,1.15,1.0,0.0,-0.23,1,0.9102018475532532,990,1,0.8984827399253845,1020,1,0.8975696563720703,970,episodic_maxmin,random
7910.0,5945.0,7232.0,5281.0,7960.0,5301.0,1.01,1.0,0.0,-0.07,0,0.3208596706390381,1100,0,0.22625981271266937,1110,0,0.3483668267726898,1110,episodic_maxmin,random
11336.0,11991.0,7914.0,8596.0,10495.0,8538.0,1.44,1.0,0.0,-0.11,1,0.769243597984314,1620,1,0.8126575946807861,1510,1,0.654084324836731,1530,episodic_maxmin,random
7908.0,7230.0,7919.0,7277.0,7309.0,6632.0,2.38,1.0,0.0,-0.41,1,0.8971927165985107,970,1,0.903901994228363,1010,1,0.9009913206100464,1020,episodic_maxmin,random
13167.0,13167.0,14462.0,13166.0,13920.0,13247.0,1.12,1.0,0.0,-0.09,1,0.7680320143699646,2000,1,0.7980223894119263,1980,1,0.8049081563949585,2040,episodic_maxmin,random
6537.0,7192.0,7959.0,6643.0,7299.0,8617.0,2.21,1.0,0.0,-0.91,1,0.9207245111465454,1280,1,0.9153053164482117,1290,1,0.9118022322654724,1270,episodic_maxmin,random
7897.0,7234.0,7275.0,7930.0,7937.0,5310.0,2.33,1.0,0.0,-0.81,1,0.8923642039299011,1030,1,0.8984867334365845,1050,1,0.9017260670661926,1060,episodic_maxmin,random
7206.0,7206.0,7318.0,6636.0,7260.0,6611.0,1.32,1.0,0.0,-0.96,1,0.9049403071403503,990,1,0.8984695076942444,1000,1,0.9042699933052063,990,episodic_maxmin,random
9933.0,7958.0,7217.0,9223.0,6632.0,8612.0,2.16,1.0,0.0,-0.68,1,0.9307359457015991,1400,1,0.9284485578536987,1450,1,0.9322632551193237,1390,episodic_maxmin,random
9811.0,6531.0,7932.0,10613.0,11301.0,11950.0,1.47,1.0,0.0,-0.62,1,0.9319843649864197,1570,1,0.9394243359565735,1600,1,0.9326359629631042,1610,episodic_maxmin,random
7192.0,6542.0,8106.0,8106.0,7202.0,5905.0,2.02,1.0,0.0,-0.73,1,0.8950727581977844,1100,1,0.8988403677940369,1120,1,0.8935492038726807,1080,episodic_maxmin,random
7883.0,8575.0,9162.0,7190.0,6711.0,8700.0,1.67,1.0,0.0,-0.18,1,0.7408010363578796,1220,1,0.8139052391052246,1230,1,0.8386167287826538,1270,episodic_maxmin,random
7941.0,6636.0,7284.0,8636.0,7234.0,8564.0,1.79,1.0,0.0,-0.65,1,0.8885261416435242,1150,1,0.8953219056129456,1200,1,0.8842830657958984,1170,episodic_maxmin,random
7898.0,6606.0,7161.0,7161.0,8702.0,7382.0,1.01,1.0,0.0,-0.72,1,0.8977829813957214,1110,1,0.9049917459487915,1120,1,0.8969202637672424,1090,episodic_maxmin,random
16483.0,19873.0,19889.0,19889.0,6607.0,19049.0,2.18,1.0,0.0,-0.46,1,0.9605494737625122,2770,1,0.9603298306465149,2760,1,0.9617688655853271,2770,episodic_maxmin,random
9250.0,5313.0,7926.0,5271.0,8627.0,7286.0,1.46,1.0,0.0,-0.86,1,0.9151351451873779,1130,1,0.9197918772697449,1170,1,0.9156613349914551,1120,episodic_maxmin,random
7944.0,5985.0,8541.0,6577.0,7975.0,5297.0,1.07,1.0,0.0,-0.21,1,0.8920955061912537,1140,1,0.8879522085189819,1070,1,0.8978738188743591,1090,episodic_maxmin,random
7964.0,7319.0,7200.0,5889.0,7269.0,3952.0,1.01,1.0,0.0,-0.93,1,0.9035660624504089,1100,1,0.9014872312545776,1130,1,0.906183123588562,1150,episodic_maxmin,random
30857.0,30857.0,31735.0,30382.0,23854.0,31131.0,1.52,1.0,0.0,-0.02,1,0.7869086265563965,4350,1,0.6897116899490356,4420,1,0.8070313334465027,4390,episodic_maxmin,random
7984.0,6646.0,7379.0,5398.0,7750.0,8411.0,1.77,1.0,0.0,-0.24,1,0.9061522483825684,1190,1,0.9124054312705994,1200,1,0.895612895488739,1170,episodic_maxmin,random
6621.0,6621.0,6616.0,5967.0,7240.0,5895.0,1.01,1.0,0.0,-0.8,1,0.8940788507461548,940,1,0.8964143395423889,1010,1,0.8980662822723389,970,episodic_maxmin,random
8571.0,11216.0,9896.0,10547.0,6570.0,6570.0,1.92,1.0,0.0,-0.99,1,0.9318830370903015,1670,1,0.931142270565033,1650,1,0.9318891167640686,1640,episodic_maxmin,random
13866.0,13194.0,13810.0,13167.0,13890.0,13229.0,1.12,1.0,0.0,-0.19,1,0.8900908827781677,1890,1,0.8543809056282043,1840,1,0.8573074340820312,1910,episodic_maxmin,random
7291.0,8597.0,7317.0,7988.0,7836.0,5877.0,1.76,1.0,0.0,-0.3,1,0.9138071537017822,1100,1,0.9251559376716614,1150,1,0.9225987792015076,1110,episodic_maxmin,random
7848.0,5883.0,7304.0,5274.0,7339.0,6015.0,1.06,1.0,0.0,-0.28,1,0.8820081353187561,1020,1,0.8626366853713989,1070,1,0.8622111082077026,1110,episodic_maxmin,random
7249.0,6592.0,7256.0,6573.0,7287.0,6645.0,1.79,1.0,0.0,-0.24,0,0.5867016315460205,1010,0,0.5687706470489502,1040,0,0.5881707072257996,1030,episodic_maxmin,random
7263.0,10604.0,9238.0,11251.0,7929.0,11175.0,1.63,1.0,0.0,-0.93,1,0.9168439507484436,1430,1,0.9135187864303589,1390,1,0.9189261794090271,1420,episodic_maxmin,random
7247.0,9219.0,7292.0,10589.0,7261.0,10602.0,2.52,1.0,0.0,-0.65,1,0.9360812902450562,1400,1,0.9332326054573059,1330,1,0.9352952241897583,1330,episodic_maxmin,random
8573.0,7916.0,8632.0,7969.0,6592.0,5283.0,1.09,1.0,0.0,-0.89,1,0.9112329483032227,1090,1,0.9151992797851562,1090,1,0.9091014862060547,1080,episodic_maxmin,random
11184.0,9184.0,10542.0,11200.0,9332.0,11300.0,1.26,1.0,0.0,-0.15,1,0.8146459460258484,1550,1,0.8058928847312927,1510,1,0.8492920398712158,1520,episodic_maxmin,random
7310.0,6651.0,7912.0,8590.0,7259.0,7927.0,1.01,1.0,0.0,-0.38,1,0.8351903557777405,1160,1,0.8450523614883423,1130,1,0.8817355036735535,1110,episodic_maxmin,random
8534.0,7877.0,7949.0,9283.0,7966.0,10598.0,2.52,1.0,0.0,-0.67,1,0.9231573939323425,1370,1,0.9173671007156372,1350,1,0.9164936542510986,1360,episodic_maxmin,random
12531.0,15195.0,8729.0,17205.0,7174.0,16469.0,2.67,1.0,0.0,-0.94,1,0.9503347873687744,2250,1,0.9486196041107178,2210,1,0.9517671465873718,2240,episodic_maxmin,random
7271.0,5952.0,7293.0,7293.0,7928.0,6606.0,1.29,1.0,0.0,-0.69,1,0.9072788953781128,990,1,0.8999372124671936,970,1,0.9004793167114258,1000,episodic_maxmin,random
7916.0,7916.0,7303.0,7303.0,7911.0,7270.0,2.04,1.0,0.0,-0.68,1,0.8921172022819519,990,1,0.8931393623352051,1020,1,0.8905321955680847,1030,episodic_maxmin,random
12560.0,12560.0,11904.0,11904.0,12496.0,11845.0,2.0,1.0,0.0,-0.28,1,0.8894108533859253,1780,1,0.8785998225212097,1740,1,0.8786011338233948,1780,episodic_maxmin,random
11278.0,11278.0,7836.0,11757.0,9972.0,9306.0,1.67,1.0,0.0,-0.37,1,0.9300276637077332,1660,1,0.9297440052032471,1650,1,0.9353628158569336,1650,episodic_maxmin,random
18569.0,18569.0,18459.0,17781.0,18478.0,17824.0,1.5,1.0,0.0,-0.12,1,0.8369325399398804,2480,1,0.7679181098937988,2410,1,0.7762745022773743,2430,episodic_maxmin,random
7283.0,13200.0,11279.0,7246.0,7955.0,13291.0,1.22,1.0,0.0,-0.53,1,0.9470454454421997,1620,1,0.9416622519493103,1580,1,0.9460537433624268,1600,episodic_maxmin,random
7932.0,5929.0,7908.0,3338.0,7229.0,5936.0,1.01,1.0,0.0,-0.88,1,0.9142712950706482,1150,1,0.9116085171699524,1110,1,0.9138713479042053,1120,episodic_maxmin,random
7964.0,7294.0,7944.0,8578.0,8574.0,6608.0,2.13,1.0,0.0,-0.29,1,0.9117442965507507,1070,1,0.9157146215438843,1070,1,0.9176580309867859,1080,episodic_maxmin,random
16374.0,16374.0,17300.0,16638.0,17173.0,17173.0,2.1,1.0,0.0,-0.25,1,0.9035762548446655,2280,1,0.833410382270813,2340,1,0.8750364184379578,2300,episodic_maxmin,random
7911.0,7911.0,7853.0,5889.0,7381.0,7381.0,1.84,1.0,0.0,-0.44,1,0.8968524932861328,1080,1,0.8957086205482483,1070,1,0.9001742601394653,1090,episodic_maxmin,random
7998.0,7998.0,8476.0,5214.0,9955.0,7315.0,1.29,1.0,0.0,-0.24,1,0.8912519812583923,1330,1,0.9121449589729309,1260,1,0.8842792510986328,1310,episodic_maxmin,random
11170.0,8566.0,7160.0,5204.0,7376.0,11292.0,1.4,1.0,0.0,-0.51,1,0.9353625774383545,1570,1,0.9307788610458374,1620,1,0.9335812926292419,1650,episodic_maxmin,random
7872.0,8535.0,7965.0,11220.0,7273.0,9997.0,2.02,1.0,0.0,-0.48,1,0.9285778403282166,1450,1,0.9329768419265747,1460,1,0.9345695376396179,1430,episodic_maxmin,random
7247.0,10589.0,6645.0,10575.0,6577.0,10542.0,2.39,1.0,0.0,-0.58,1,0.9301161766052246,1490,1,0.9350354671478271,1430,1,0.9341681003570557,1480,episodic_maxmin,random
11894.0,15188.0,9248.0,16501.0,7896.0,15843.0,2.72,1.0,0.0,-0.97,1,0.9416676759719849,2170,1,0.9436397552490234,2210,1,0.9428727030754089,2240,episodic_maxmin,random
7261.0,10587.0,9233.0,9897.0,7306.0,10563.0,2.42,1.0,0.0,-0.89,1,0.9409653544425964,1520,1,0.9368241429328918,1510,1,0.940452516078949,1510,episodic_maxmin,random
3396.0,7438.0,3336.0,7308.0,2619.0,7941.0,2.56,1.0,0.0,-0.63,1,0.9794411063194275,8117,1,0.9829016923904419,7948,1,0.9836292862892151,7935,normal,learner
,,,,,,1.77,1.0,0.0,-0.06,0,0.6133652925491333,33363,0,0.6574289798736572,33445,0,0.6144948601722717,33192,normal,learner
5370.0,6693.0,4039.0,4711.0,5233.0,5233.0,2.18,1.0,0.0,-0.28,1,0.9689227342605591,6687,1,0.9592439532279968,6766,1,0.9685640335083008,6547,normal,learner
4026.0,2003.0,3360.0,2046.0,2648.0,2648.0,2.23,1.0,0.0,-0.41,1,0.9443616271018982,4014,1,0.946946918964386,3990,1,0.9665167331695557,3996,normal,learner
3327.0,2658.0,2659.0,3985.0,2707.0,4709.0,2.02,1.0,0.0,-0.85,1,0.971575140953064,4670,1,0.9710958003997803,4631,1,0.9704820513725281,4699,normal,learner
2657.0,2657.0,2633.0,1970.0,2728.0,2031.0,2.68,1.0,0.0,-0.85,1,0.9631162881851196,2649,1,0.9616407155990601,2628,1,0.9596773982048035,2723,normal,learner
2697.0,682.0,2726.0,2058.0,2601.0,1950.0,1.01,1.0,0.0,-0.94,1,0.9595847129821777,2686,1,0.9548789262771606,2720,1,0.956555187702179,2594,normal,learner
5347.0,5347.0,5315.0,3331.0,6046.0,2687.0,1.07,1.0,0.0,-0.14,1,0.9519679546356201,5991,1,0.9305555820465088,5969,1,0.9530267715454102,6040,normal,learner
3327.0,4656.0,5303.0,3338.0,5368.0,3353.0,1.01,1.0,0.0,-0.4,1,0.9719468951225281,5340,1,0.9549311995506287,5297,1,0.9597615599632263,5363,normal,learner
4768.0,6764.0,5364.0,2023.0,5221.0,5221.0,1.29,1.0,0.0,-0.3,1,0.9671791791915894,6759,1,0.9632506966590881,6687,1,0.964634120464325,6554,normal,learner
2630.0,2630.0,2722.0,4742.0,5322.0,5322.0,1.65,1.0,0.0,-0.98,1,0.9789513349533081,5312,1,0.9754692316055298,5375,1,0.9723787903785706,5313,normal,learner
,,,,,,1.14,1.0,0.0,-0.04,0,0.41022416949272156,33403,0,0.47679173946380615,33491,0,0.39731818437576294,33106,normal,learner
,,,,,,1.94,1.0,0.0,-0.18,1,0.8392663598060608,33254,1,0.8148747682571411,33339,1,0.8555352687835693,33407,normal,learner
3323.0,3323.0,2735.0,4085.0,4639.0,1969.0,1.51,1.0,0.0,-0.79,1,0.9729729890823364,4619,1,0.9779133200645447,4747,1,0.9715455770492554,4634,normal,learner
4084.0,6775.0,7278.0,6641.0,5317.0,5317.0,1.37,1.0,0.0,-0.82,1,0.9798927903175354,7455,1,0.9803517460823059,7272,1,0.9798076748847961,7273,normal,learner
2684.0,667.0,3375.0,2696.0,3304.0,1994.0,1.9,1.0,0.0,-0.82,1,0.9661575555801392,3333,1,0.9656296372413635,3368,1,0.9555084705352783,3299,normal,learner
2640.0,1983.0,3315.0,2001.0,3399.0,684.0,1.07,1.0,0.0,-0.7,1,0.9573244452476501,3298,1,0.9674208164215088,3308,1,0.963224470615387,3394,normal,learner
2636.0,3965.0,2666.0,4700.0,4717.0,4036.0,2.14,1.0,0.0,-0.48,1,0.9743533730506897,4594,1,0.9729787111282349,4695,1,0.9743481278419495,4711,normal,learner
2709.0,2043.0,2650.0,1979.0,2659.0,673.0,1.01,1.0,0.0,-0.57,1,0.960132896900177,2704,1,0.9596226215362549,2644,1,0.9578788876533508,2652,normal,learner
2678.0,2009.0,2638.0,2638.0,2702.0,2019.0,2.68,1.0,0.0,-0.71,1,0.954443633556366,2672,1,0.9571645259857178,2632,1,0.9566987156867981,2696,normal,learner
12770.0,13405.0,11963.0,12649.0,3304.0,10617.0,2.02,1.0,0.0,-0.39,1,0.9832152128219604,13399,1,0.9838032126426697,13330,1,0.9880996942520142,13271,normal,learner
2579.0,1932.0,2681.0,2023.0,2758.0,2063.0,1.22,1.0,0.0,-0.86,1,0.9530825614929199,2574,1,0.9574785232543945,2674,1,0.9564902186393738,2752,normal,learner
2666.0,683.0,3385.0,650.0,2659.0,2002.0,1.01,1.0,0.0,-0.71,1,0.9696058034896851,3318,1,0.9630723595619202,3379,1,0.9646525382995605,3303,normal,learner
3363.0,3363.0,3264.0,3939.0,3391.0,2727.0,2.29,1.0,0.0,-0.64,1,0.9685097932815552,4026,1,0.9619192481040955,3933,1,0.9700939059257507,4041,normal,learner
2655.0,2655.0,4725.0,3359.0,2671.0,5279.0,2.03,1.0,0.0,-0.55,1,0.9752097129821777,5359,1,0.9748790264129639,5368,1,0.9748058319091797,5273,normal,learner
,33359.0,,,,,1.83,1.0,0.0,-0.22,1,0.7692976593971252,33354,0,0.7913773059844971,33116,0,0.751796543598175,33530,normal,learner
2683.0,2683.0,2652.0,4662.0,3990.0,2683.0,2.34,1.0,0.0,-0.8,1,0.9739351272583008,4713,1,0.9742599725723267,4656,1,0.9732585549354553,4631,normal,learner
3357.0,2017.0,4588.0,1963.0,4765.0,709.0,1.01,1.0,0.0,-0.49,1,0.9695605635643005,4659,1,0.9668700695037842,4581,1,0.9701993465423584,4760,normal,learner
6000.0,4689.0,3977.0,5296.0,3367.0,2676.0,1.38,1.0,0.0,-0.41,1,0.9674999713897705,5992,1,0.9710460305213928,5965,1,0.9671019911766052,6043,normal,learner
2672.0,2020.0,2686.0,672.0,2666.0,3341.0,1.06,1.0,0.0,-0.95,1,0.9680310487747192,3342,1,0.9697242379188538,3325,1,0.966177761554718,3333,normal,learner
7991.0,7991.0,8100.0,6735.0,3949.0,7243.0,2.17,1.0,0.0,-0.4,1,0.9724690318107605,7985,1,0.968641996383667,8095,1,0.9733821153640747,7920,normal,learner
2658.0,3998.0,2671.0,4666.0,4691.0,3361.0,2.06,1.0,0.0,-0.83,1,0.97532719373703,4654,1,0.974067747592926,4661,1,0.9729268550872803,4685,normal,learner
2697.0,2035.0,2671.0,2014.0,2650.0,2650.0,1.51,1.0,0.0,-0.94,1,0.9517983198165894,2689,1,0.9569449424743652,2666,1,0.9599999785423279,2645,normal,learner
,,,,,,1.01,1.0,0.0,-0.06,1,0.5286951661109924,33240,1,0.3931688070297241,33341,1,0.49732235074043274,33419,normal,learner
,,,33311.0,,,1.19,1.0,0.0,-0.04,1,0.8695247173309326,33280,1,0.6899522542953491,33301,1,0.832261323928833,33419,normal,learner
5348.0,3333.0,3959.0,5267.0,6745.0,5409.0,1.26,1.0,0.0,-0.2,1,0.964029848575592,6692,1,0.950904369354248,6569,1,0.9436619877815247,6739,normal,learner
2708.0,2025.0,2673.0,2007.0,2637.0,3298.0,2.18,1.0,0.0,-0.7,1,0.9620628356933594,3366,1,0.9656305909156799,3341,1,0.9654335975646973,3293,normal,learner
2659.0,4682.0,3988.0,2687.0,5349.0,4046.0,2.14,1.0,0.0,-0.9,1,0.9752205610275269,5320,1,0.9767877459526062,5336,1,0.9723312854766846,5344,normal,learner
3350.0,2697.0,3999.0,3999.0,3996.0,2667.0,2.14,1.0,0.0,-0.32,1,0.9343773126602173,4017,1,0.9457364082336426,3994,1,0.9421921968460083,3989,normal,learner
2666.0,1984.0,4038.0,2030.0,3329.0,684.0,1.63,1.0,0.0,-0.56,1,0.9698946475982666,3981,1,0.970034658908844,4030,1,0.9679519534111023,3989,normal,learner
4027.0,695.0,2642.0,1983.0,2667.0,650.0,1.06,1.0,0.0,-0.88,1,0.9682145714759827,4020,1,0.9683212637901306,4003,1,0.9716222882270813,3977,normal,learner
3339.0,3984.0,3341.0,2011.0,4697.0,2693.0,2.02,1.0,0.0,-0.51,1,0.9739149212837219,4667,1,0.9705756306648254,4650,1,0.9740259647369385,4683,normal,learner
2681.0,665.0,2686.0,2028.0,2657.0,3323.0,2.45,1.0,0.0,-0.97,1,0.9641469717025757,3336,1,0.969588577747345,3348,1,0.9674992561340332,3316,normal,learner
,,,,,,1.53,1.0,0.0,-0.1,0,0.7167010307312012,33470,1,0.6812644600868225,33242,0,0.7179071307182312,33288,normal,learner
3371.0,2691.0,2698.0,3336.0,2629.0,1959.0,2.29,1.0,0.0,-0.74,1,0.9646989107131958,3365,1,0.9637290239334106,3329,1,0.967381477355957,3306,normal,learner
3315.0,3315.0,4024.0,3356.0,4015.0,3353.0,1.56,1.0,0.0,-0.34,1,0.9673776626586914,3979,1,0.9609841108322144,4015,1,0.9638854265213013,4006,normal,learner
2686.0,8035.0,8645.0,6627.0,8681.0,2024.0,1.79,1.0,0.0,-0.69,1,0.9841342568397522,8688,1,0.9807981252670288,8636,1,0.9781131148338318,8676,normal,learner
3299.0,1971.0,3367.0,2030.0,3358.0,2023.0,1.52,1.0,0.0,-0.49,1,0.9636253118515015,3293,1,0.953667938709259,3356,1,0.9520547986030579,3351,normal,learner
6078.0,4060.0,5950.0,3972.0,4667.0,655.0,1.01,1.0,0.0,-0.46,1,0.9725238680839539,6068,1,0.9704201817512512,5943,1,0.9668111801147461,5989,normal,learner
2692.0,686.0,2685.0,2011.0,2647.0,668.0,1.03,1.0,0.0,-0.82,1,0.9531946778297424,2681,1,0.961266279220581,2680,1,0.957310140132904,2639,normal,learner
16214.0,17206.0,9478.0,9478.0,9975.0,10962.0,2.56,1.0,0.0,-0.63,1,0.9229919910430908,1680,1,0.8721249103546143,860,1,0.9052180051803589,1100,episodic_sequence,learner
12404.0,14009.0,8235.0,16587.0,15943.0,16928.0,1.77,1.0,0.0,-0.06,0,0.13962452113628387,1830,1,0.9283173680305481,2080,0,0.2338137924671173,2130,episodic_sequence,learner
26454.0,36324.0,17933.0,24510.0,11047.0,14406.0,2.18,1.0,0.0,-0.28,0,0.526676595211029,3700,1,0.870093822479248,2380,0,0.4539774954319,1520,episodic_sequence,learner
36002.0,,24849.0,,,,2.23,1.0,0.0,-0.41,1,0.9168145060539246,4640,1,0.9579765200614929,3990,1,0.8655014038085938,4030,episodic_sequence,learner
9040.0,10993.0,8590.0,7249.0,8546.0,13437.0,2.02,1.0,0.0,-0.85,1,0.9339679479598999,1140,1,0.9071012735366821,960,1,0.9523562788963318,1780,episodic_sequence,learner
8926.0,8926.0,8418.0,9097.0,9135.0,8464.0,2.68,1.0,0.0,-0.85,1,0.9236869215965271,1240,1,0.9131581783294678,1100,1,0.9115570783615112,1120,episodic_sequence,learner
20399.0,25339.0,14208.0,14208.0,11989.0,9965.0,1.01,1.0,0.0,-0.94,1,0.9534943103790283,3080,1,0.9532989263534546,2110,1,0.9125031232833862,1150,episodic_sequence,learner
34109.0,33119.0,21299.0,21938.0,9264.0,16887.0,1.07,1.0,0.0,-0.14,0,0.15129263699054718,3620,0,0.7897256016731262,2260,0,0.11694414168596268,1680,episodic_sequence,learner
20799.0,20799.0,17063.0,17063.0,8364.0,10308.0,1.01,1.0,0.0,-0.4,0,0.7076372504234314,2300,0,0.7670984268188477,1850,1,0.8976215124130249,1190,episodic_sequence,learner
7188.0,7188.0,7587.0,6911.0,7682.0,9647.0,1.29,1.0,0.0,-0.3,0,0.5748469829559326,990,1,0.8740333914756775,1090,0,0.48367369174957275,1140,episodic_sequence,learner
9739.0,11319.0,15820.0,21729.0,10703.0,15823.0,1.65,1.0,0.0,-0.98,1,0.9188090562820435,1130,1,0.9578443765640259,2150,1,0.9470709562301636,1600,episodic_sequence,learner
33291.0,34285.0,14221.0,13209.0,24436.0,25103.0,1.14,1.0,0.0,-0.04,0,0.7553020119667053,3690,0,0.4647352397441864,1410,0,0.4236491620540619,2520,episodic_sequence,learner
,,,,31571.0,,1.94,1.0,0.0,-0.18,1,0.9444721341133118,4700,1,0.6921664476394653,1780,1,0.7836161255836487,3080,episodic_sequence,learner
6669.0,5313.0,7278.0,6619.0,7158.0,5900.0,1.51,1.0,0.0,-0.79,1,0.8969746232032776,1020,1,0.8881561160087585,1000,1,0.8833473324775696,980,episodic_sequence,learner
7576.0,5631.0,6907.0,6907.0,7762.0,5345.0,1.37,1.0,0.0,-0.82,1,0.8978527188301086,1070,1,0.9020466208457947,1070,1,0.8902344703674316,1060,episodic_sequence,learner
9068.0,9410.0,8460.0,13369.0,9270.0,13247.0,1.9,1.0,0.0,-0.82,1,0.913177490234375,990,1,0.9575464725494385,2030,1,0.9374865293502808,1340,episodic_sequence,learner
9172.0,9172.0,9864.0,12487.0,9068.0,7073.0,1.07,1.0,0.0,-0.7,1,0.942643404006958,1860,1,0.9242411851882935,1320,1,0.8906043171882629,960,episodic_sequence,learner
14491.0,7899.0,8420.0,19105.0,10684.0,11342.0,2.14,1.0,0.0,-0.48,1,0.9415683150291443,1570,1,0.9511646032333374,2010,1,0.9269970059394836,1240,episodic_sequence,learner
16550.0,5935.0,9756.0,9089.0,19505.0,10677.0,1.01,1.0,0.0,-0.57,1,0.9523784518241882,2180,1,0.8986265063285828,960,1,0.9504708647727966,2180,episodic_sequence,learner
28101.0,30079.0,8513.0,11468.0,16541.0,21210.0,2.68,1.0,0.0,-0.71,1,0.9474384188652039,2970,1,0.9164535999298096,1290,1,0.9387553334236145,2000,episodic_sequence,learner
44377.0,,32713.0,33385.0,17891.0,,2.02,1.0,0.0,-0.39,0,0.8290500044822693,4780,0,0.8129699230194092,3500,1,0.9233015179634094,2320,episodic_sequence,learner
8310.0,6922.0,7897.0,9212.0,8640.0,7652.0,1.22,1.0,0.0,-0.86,1,0.8896510004997253,960,1,0.92264723777771,1280,1,0.9153885841369629,1100,episodic_sequence,learner
9749.0,11729.0,9949.0,8630.0,9041.0,9041.0,1.01,1.0,0.0,-0.71,1,0.9229590892791748,1310,1,0.9007940292358398,930,1,0.9012948274612427,1100,episodic_sequence,learner
8438.0,8438.0,8957.0,13934.0,8159.0,12152.0,2.29,1.0,0.0,-0.64,1,0.9132389426231384,1020,1,0.9410076141357422,1510,1,0.9341756105422974,1470,episodic_sequence,learner
17333.0,16673.0,9405.0,10945.0,10430.0,12676.0,2.03,1.0,0.0,-0.55,1,0.9306524991989136,1920,1,0.926497220993042,1280,1,0.9076995849609375,1400,episodic_sequence,learner
,,32493.0,,,,1.83,1.0,0.0,-0.22,1,0.8473581075668335,3690,1,0.795497715473175,4040,1,0.8850622177124023,4450,episodic_sequence,learner
7014.0,8590.0,8283.0,8810.0,6937.0,10594.0,2.34,1.0,0.0,-0.8,1,0.9142025709152222,1120,1,0.9356154203414917,1240,1,0.9299603700637817,1260,episodic_sequence,learner
9554.0,5322.0,7788.0,11435.0,8467.0,8467.0,1.01,1.0,0.0,-0.49,0,0.1117204949259758,1500,0,0.10408719629049301,1940,0,0.24341560900211334,920,episodic_sequence,learner
42191.0,,,25782.0,,,1.38,1.0,0.0,-0.41,1,0.9495226144790649,4510,1,0.9051120281219482,2470,0,0.8726460933685303,2460,episodic_sequence,learner
7862.0,9863.0,7916.0,5325.0,8615.0,9942.0,1.06,1.0,0.0,-0.95,1,0.9299830198287964,1470,1,0.9093454480171204,1190,1,0.9163146018981934,1260,episodic_sequence,learner
16480.0,24529.0,11422.0,14057.0,37338.0,34373.0,2.17,1.0,0.0,-0.4,1,0.8878099918365479,2470,1,0.8893789649009705,1380,1,0.8965665102005005,3710,episodic_sequence,learner
19362.0,18376.0,9917.0,15760.0,9112.0,10122.0,2.06,1.0,0.0,-0.83,1,0.9629202485084534,2710,1,0.9452776908874512,1780,1,0.9180004000663757,1170,episodic_sequence,learner
9752.0,10411.0,17828.0,21783.0,17301.0,23212.0,1.51,1.0,0.0,-0.94,1,0.9095187783241272,1060,1,0.9440389275550842,2220,1,0.9566603302955627,2300,episodic_sequence,learner
30145.0,,17680.0,,,47204.0,1.01,1.0,0.0,-0.06,1,0.6302182078361511,3340,1,0.6813649535179138,1740,1,0.8909758925437927,4900,episodic_sequence,learner
10629.0,7964.0,9624.0,9624.0,10239.0,12206.0,1.19,1.0,0.0,-0.04,0,0.1384890377521515,1090,0,0.12017030268907547,1910,0,0.11733025312423706,2680,episodic_sequence,learner
18200.0,19231.0,35171.0,35171.0,18894.0,24876.0,1.26,1.0,0.0,-0.2,1,0.8565857410430908,2080,1,0.8986380696296692,3490,1,0.8124698400497437,2370,episodic_sequence,learner
16885.0,22182.0,14171.0,13824.0,12999.0,29017.0,2.18,1.0,0.0,-0.7,1,0.9392796158790588,2460,1,0.9080516695976257,1590,1,0.9638862609863281,3150,episodic_sequence,learner
8015.0,10009.0,8307.0,6838.0,8169.0,10017.0,2.14,1.0,0.0,-0.9,1,0.9255604147911072,1580,1,0.9315054416656494,1290,1,0.909254252910614,1330,episodic_sequence,learner
,,,,31247.0,,2.14,1.0,0.0,-0.32,1,0.9046082496643066,4080,1,0.8841109871864319,4390,1,0.9442993402481079,4530,episodic_sequence,learner
8698.0,8698.0,8675.0,18846.0,15713.0,14732.0,1.63,1.0,0.0,-0.56,1,0.9073457717895508,1000,1,0.9483709931373596,1980,1,0.9469188451766968,1900,episodic_sequence,learner
9269.0,10716.0,8611.0,14846.0,9425.0,8273.0,1.06,1.0,0.0,-0.88,1,0.9217991828918457,1200,1,0.9416004419326782,1640,1,0.9145638942718506,1100,episodic_sequence,learner
24289.0,26273.0,8978.0,18802.0,10361.0,9686.0,2.02,1.0,0.0,-0.51,1,0.9651201367378235,2650,1,0.9513881206512451,1730,1,0.9189995527267456,1180,episodic_sequence,learner
24156.0,31050.0,28800.0,28800.0,12089.0,14340.0,2.45,1.0,0.0,-0.97,1,0.9700071811676025,3320,1,0.9695385098457336,3220,1,0.941283106803894,1500,episodic_sequence,learner
,,,,,,1.53,1.0,0.0,-0.1,1,0.6112504005432129,2070,1,0.9640364050865173,4740,1,0.7706961035728455,3350,episodic_sequence,learner
8525.0,7179.0,8586.0,9229.0,7990.0,9381.0,2.29,1.0,0.0,-0.74,1,0.9154283404350281,1220,1,0.9123415350914001,1170,1,0.9167466163635254,1210,episodic_sequence,learner
24905.0,24905.0,25096.0,24460.0,26597.0,26597.0,1.56,1.0,0.0,-0.34,1,0.8490263223648071,3050,1,0.9007411599159241,3090,1,0.8270450830459595,3260,episodic_sequence,learner
8789.0,7784.0,10052.0,14653.0,19181.0,17206.0,1.79,1.0,0.0,-0.69,1,0.9105700254440308,970,1,0.944789469242096,1410,1,0.9483733177185059,2020,episodic_sequence,learner
33008.0,34962.0,,,31579.0,,1.52,1.0,0.0,-0.49,0,0.31199589371681213,4350,0,0.14774857461452484,4120,1,0.963140070438385,4130,episodic_sequence,learner
8456.0,7061.0,8202.0,9514.0,8859.0,5896.0,1.01,1.0,0.0,-0.46,1,0.9020023345947266,1030,1,0.9082984924316406,1210,1,0.8917484879493713,960,episodic_sequence,learner
9939.0,7222.0,13459.0,18861.0,7879.0,20367.0,1.03,1.0,0.0,-0.82,1,0.9268198013305664,1210,1,0.9620380401611328,2020,1,0.959787905216217,2110,episodic_sequence,learner
10025.0,13031.0,9999.0,25267.0,27737.0,30700.0,2.56,1.0,0.0,-0.63,1,0.9346688389778137,1330,1,0.9624015688896179,2260,1,0.9730315208435059,3330,episodic_maxmin,learner
29008.0,,,18337.0,41276.0,,1.77,1.0,0.0,-0.06,1,0.9151192307472229,4000,1,0.774990439414978,1830,1,0.8459863662719727,4490,episodic_maxmin,learner
22212.0,22212.0,11472.0,12862.0,30254.0,30254.0,2.18,1.0,0.0,-0.28,1,0.9141455292701721,2270,1,0.9122220277786255,1480,1,0.8977325558662415,3110,episodic_maxmin,learner
11355.0,13328.0,8435.0,11048.0,7970.0,10620.0,2.23,1.0,0.0,-0.41,1,0.9211434721946716,1700,1,0.9243711233139038,1620,1,0.9208476543426514,1540,episodic_maxmin,learner
25122.0,25122.0,35080.0,37055.0,13303.0,15089.0,2.02,1.0,0.0,-0.85,1,0.9591194987297058,2370,1,0.9699905514717102,3620,1,0.9324010610580444,1510,episodic_maxmin,learner
9237.0,8592.0,9009.0,16391.0,8750.0,23531.0,2.68,1.0,0.0,-0.85,1,0.9068843126296997,960,1,0.9414922595024109,1660,1,0.9569929242134094,2480,episodic_maxmin,learner
7803.0,16154.0,9023.0,5982.0,8132.0,8506.0,1.01,1.0,0.0,-0.94,1,0.9493004679679871,1740,1,0.9322555661201477,1380,1,0.9032447934150696,960,episodic_maxmin,learner
,17875.0,48187.0,,,32892.0,1.07,1.0,0.0,-0.14,1,0.8889510631561279,1890,1,0.8793450593948364,4940,1,0.9318071007728577,3230,episodic_maxmin,learner
9717.0,4200.0,8709.0,16262.0,8591.0,8591.0,1.01,1.0,0.0,-0.4,1,0.9057322144508362,950,1,0.9544129371643066,2000,1,0.9268987774848938,1290,episodic_maxmin,learner
13977.0,12667.0,15245.0,14566.0,15042.0,14375.0,1.29,1.0,0.0,-0.3,1,0.8717178106307983,1810,1,0.8265755772590637,2060,1,0.8517635464668274,2070,episodic_maxmin,learner
8734.0,7722.0,7643.0,16472.0,8417.0,11058.0,1.65,1.0,0.0,-0.98,1,0.9096633791923523,940,1,0.9589638113975525,2150,1,0.9435444474220276,1430,episodic_maxmin,learner
15318.0,17650.0,,47840.0,,,1.14,1.0,0.0,-0.04,0,0.4472521245479584,1840,0,0.6653010249137878,4640,1,0.6403650045394897,3160,episodic_maxmin,learner
,,,,,,1.94,1.0,0.0,-0.18,1,0.8104346990585327,1900,1,0.8945848941802979,4670,1,0.8311527371406555,3030,episodic_maxmin,learner
9001.0,10301.0,8527.0,11269.0,11458.0,9554.0,1.51,1.0,0.0,-0.79,1,0.9328504204750061,1440,1,0.9207560420036316,1270,1,0.933399498462677,1390,episodic_maxmin,learner
9179.0,7864.0,9059.0,9059.0,13814.0,13814.0,1.37,1.0,0.0,-0.82,1,0.9082688689231873,980,1,0.9313055276870728,1230,1,0.9340524077415466,1370,episodic_maxmin,learner
8831.0,9528.0,10166.0,16757.0,10087.0,20966.0,1.9,1.0,0.0,-0.82,1,0.9073980450630188,990,1,0.9406218528747559,1550,1,0.9540460705757141,2240,episodic_maxmin,learner
11277.0,13860.0,21463.0,21463.0,9901.0,9901.0,1.07,1.0,0.0,-0.7,1,0.9220057725906372,1340,1,0.9524763822555542,2110,1,0.9035147428512573,990,episodic_maxmin,learner
9808.0,7613.0,12937.0,17861.0,10903.0,7041.0,2.14,1.0,0.0,-0.48,1,0.9094616770744324,940,1,0.957223117351532,2040,1,0.9402955174446106,1520,episodic_maxmin,learner
9038.0,6351.0,9682.0,6895.0,9054.0,5703.0,1.01,1.0,0.0,-0.57,1,0.882053554058075,900,1,0.9313480854034424,1300,1,0.9000442028045654,880,episodic_maxmin,learner
8972.0,10318.0,9337.0,16240.0,8839.0,8141.0,2.68,1.0,0.0,-0.71,1,0.924136757850647,1160,1,0.9471209645271301,1750,1,0.9039484262466431,930,episodic_maxmin,learner
9297.0,7952.0,7920.0,5452.0,9905.0,9905.0,2.02,1.0,0.0,-0.39,1,0.9059911966323853,1070,1,0.9054293036460876,970,1,0.9207056760787964,1160,episodic_maxmin,learner
10263.0,17529.0,11261.0,22397.0,9914.0,8662.0,1.22,1.0,0.0,-0.86,1,0.9434651136398315,1770,1,0.9585419297218323,2370,1,0.9154744148254395,1160,episodic_maxmin,learner
10535.0,11210.0,8594.0,6296.0,9553.0,11435.0,1.01,1.0,0.0,-0.71,1,0.9188023805618286,1200,1,0.8931812644004822,950,1,0.9381237626075745,1650,episodic_maxmin,learner
7635.0,9915.0,7863.0,7542.0,11497.0,11497.0,2.29,1.0,0.0,-0.64,1,0.9450048804283142,1460,1,0.9048709273338318,960,1,0.9316343665122986,1300,episodic_maxmin,learner
9548.0,12144.0,10417.0,8440.0,8172.0,8172.0,2.03,1.0,0.0,-0.55,1,0.9272068738937378,1250,1,0.9369207620620728,1420,1,0.8831375241279602,870,episodic_maxmin,learner
20376.0,19400.0,10431.0,17131.0,9039.0,9349.0,1.83,1.0,0.0,-0.22,1,0.7942677736282349,2090,1,0.9339511394500732,1810,1,0.8194459080696106,940,episodic_maxmin,learner
7664.0,7017.0,8304.0,7759.0,9231.0,6308.0,2.34,1.0,0.0,-0.8,1,0.9191315174102783,1330,1,0.8987355828285217,1150,1,0.9186437129974365,1220,episodic_maxmin,learner
8850.0,19051.0,10369.0,8414.0,9543.0,5936.0,1.01,1.0,0.0,-0.49,1,0.9532307982444763,1890,1,0.9206287860870361,1070,1,0.9253755807876587,1120,episodic_maxmin,learner
9717.0,13024.0,8711.0,20540.0,9726.0,4707.0,1.38,1.0,0.0,-0.41,1,0.9468711614608765,1640,1,0.9612798690795898,2440,1,0.9123997688293457,1020,episodic_maxmin,learner
8784.0,7031.0,14484.0,9565.0,9414.0,7388.0,1.06,1.0,0.0,-0.95,1,0.8967440724372864,930,1,0.9487565159797668,1850,1,0.9243631958961487,1220,episodic_maxmin,learner
29293.0,30272.0,11718.0,13372.0,21365.0,22038.0,2.17,1.0,0.0,-0.4,1,0.9606155753135681,3150,1,0.9004636406898499,1320,1,0.9367730021476746,2270,episodic_maxmin,learner
15403.0,25247.0,13540.0,15528.0,11030.0,13012.0,2.06,1.0,0.0,-0.83,1,0.9517566561698914,2420,1,0.932858407497406,1540,1,0.9337131381034851,1600,episodic_maxmin,learner
8727.0,7091.0,11172.0,7814.0,11175.0,16112.0,1.51,1.0,0.0,-0.94,1,0.9085586667060852,960,1,0.9101324677467346,1100,1,0.9462572932243347,1780,episodic_maxmin,learner
44502.0,46479.0,,16974.0,28565.0,23935.0,1.01,1.0,0.0,-0.06,1,0.8629516363143921,4860,1,0.7798596024513245,2080,1,0.7539033889770508,3280,episodic_maxmin,learner
16848.0,18863.0,27730.0,26741.0,11812.0,12173.0,1.19,1.0,0.0,-0.04,1,0.640377402305603,2000,1,0.8909484148025513,2910,1,0.7802513837814331,1370,episodic_maxmin,learner
13502.0,17490.0,25466.0,23493.0,9527.0,9848.0,1.26,1.0,0.0,-0.2,1,0.930989146232605,1810,1,0.9277467727661133,2710,1,0.8892809748649597,1080,episodic_maxmin,learner
9211.0,15117.0,11839.0,11506.0,9669.0,14982.0,2.18,1.0,0.0,-0.7,1,0.9615902900695801,2160,1,0.939614474773407,1430,1,0.9407956004142761,1470,episodic_maxmin,learner
9338.0,9338.0,7662.0,17287.0,8355.0,11681.0,2.14,1.0,0.0,-0.9,1,0.909937858581543,1030,1,0.9590470194816589,2100,1,0.9328610897064209,1290,episodic_maxmin,learner
25173.0,25173.0,11547.0,16137.0,9538.0,9182.0,2.14,1.0,0.0,-0.32,1,0.9389424920082092,2540,1,0.9466320276260376,1770,1,0.9109327793121338,1050,episodic_maxmin,learner
7217.0,10782.0,9501.0,9185.0,13062.0,6424.0,1.63,1.0,0.0,-0.56,1,0.9500269293785095,1950,1,0.9174544811248779,1250,1,0.932246208190918,1540,episodic_maxmin,learner
12274.0,14230.0,10468.0,12696.0,10548.0,9074.0,1.06,1.0,0.0,-0.88,1,0.9271368384361267,1600,1,0.9277275204658508,1510,1,0.9055745005607605,1070,episodic_maxmin,learner
7246.0,9902.0,7300.0,9287.0,7940.0,9254.0,2.02,1.0,0.0,-0.51,1,0.927893340587616,1280,1,0.9235725402832031,1330,1,0.9240090250968933,1290,episodic_maxmin,learner
11323.0,15363.0,22578.0,28396.0,14407.0,27197.0,2.45,1.0,0.0,-0.97,1,0.9495751857757568,1940,1,0.9722970128059387,3200,1,0.9641504287719727,2860,episodic_maxmin,learner
18284.0,18284.0,20031.0,24041.0,21079.0,21079.0,1.53,1.0,0.0,-0.1,1,0.9207647442817688,2470,1,0.8039599061012268,3050,1,0.9212037920951843,2760,episodic_maxmin,learner
8066.0,8733.0,9156.0,8500.0,8537.0,9192.0,2.29,1.0,0.0,-0.74,1,0.9205994606018066,1230,1,0.9176496267318726,1190,1,0.9143821001052856,1160,episodic_maxmin,learner
13852.0,12789.0,15919.0,14629.0,24347.0,25336.0,1.56,1.0,0.0,-0.34,1,0.9280248284339905,1430,1,0.911663830280304,1720,1,0.9228295683860779,2910,episodic_maxmin,learner
8233.0,7542.0,9474.0,7409.0,9525.0,9525.0,1.79,1.0,0.0,-0.69,1,0.8931130766868591,920,1,0.9072604179382324,1090,1,0.9278139472007751,1210,episodic_maxmin,learner
21733.0,22411.0,10623.0,10298.0,9912.0,13858.0,1.52,1.0,0.0,-0.49,1,0.9244567155838013,2260,1,0.8936038017272949,960,1,0.9556930065155029,2460,episodic_maxmin,learner
8692.0,9340.0,8896.0,7552.0,8155.0,8155.0,1.01,1.0,0.0,-0.46,1,0.9068522453308105,1170,1,0.9147422909736633,1280,1,0.9022685289382935,1130,episodic_maxmin,learner
9229.0,5957.0,10121.0,10472.0,9722.0,10703.0,1.03,1.0,0.0,-0.82,1,0.9087658524513245,1020,1,0.9146397709846497,1020,1,0.9456549882888794,1560,episodic_maxmin,learner
